ngay,gia,chenh_lech,pct_change
2018-08-22,17680.0,0.0,
2018-08-23,17680.0,,0.0
2018-08-24,17680.0,,0.0
2018-08-25,17680.0,,0.0
2018-08-26,17680.0,,0.0
2018-08-27,17680.0,,0.0
2018-08-28,17680.0,,0.0
2018-08-29,17680.0,,0.0
2018-08-30,17680.0,,0.0
2018-08-31,17680.0,,0.0
2018-09-01,17680.0,,0.0
2018-09-02,17680.0,,0.0
2018-09-03,17680.0,,0.0
2018-09-04,17680.0,,0.0
2018-09-05,17680.0,,0.0
2018-09-06,18060.0,380.0,0.02149321266968318
2018-09-07,18060.0,,0.0
2018-09-08,18060.0,,0.0
2018-09-09,18060.0,,0.0
2018-09-10,18060.0,,0.0
2018-09-11,18060.0,,0.0
2018-09-12,18060.0,,0.0
2018-09-13,18060.0,,0.0
2018-09-14,18060.0,,0.0
2018-09-15,18060.0,,0.0
2018-09-16,18060.0,,0.0
2018-09-17,18060.0,,0.0
2018-09-18,18060.0,,0.0
2018-09-19,18060.0,,0.0
2018-09-20,18060.0,,0.0
2018-09-21,18120.0,60.0,0.0033222591362125353
2018-09-22,18120.0,,0.0
2018-09-23,18120.0,,0.0
2018-09-24,18120.0,,0.0
2018-09-25,18120.0,,0.0
2018-09-26,18120.0,,0.0
2018-09-27,18120.0,,0.0
2018-09-28,18120.0,,0.0
2018-09-29,18120.0,,0.0
2018-09-30,18120.0,,0.0
2018-10-01,18120.0,,0.0
2018-10-02,18120.0,,0.0
2018-10-03,18120.0,,0.0
2018-10-04,18120.0,,0.0
2018-10-05,18120.0,,0.0
2018-10-06,18610.0,490.0,0.027041942604856484
2018-10-07,18610.0,,0.0
2018-10-08,18610.0,,0.0
2018-10-09,18610.0,,0.0
2018-10-10,18610.0,,0.0
2018-10-11,18610.0,,0.0
2018-10-12,18610.0,,0.0
2018-10-13,18610.0,,0.0
2018-10-14,18610.0,,0.0
2018-10-15,18610.0,,0.0
2018-10-16,18610.0,,0.0
2018-10-17,18610.0,,0.0
2018-10-18,18610.0,,0.0
2018-10-19,18610.0,,0.0
2018-10-20,18610.0,,0.0
2018-10-21,18610.0,,0.0
2018-10-22,18610.0,0.0,0.0
2018-10-23,18610.0,,0.0
2018-10-24,18610.0,,0.0
2018-10-25,18610.0,,0.0
2018-10-26,18610.0,,0.0
2018-10-27,18610.0,,0.0
2018-10-28,18610.0,,0.0
2018-10-29,18610.0,,0.0
2018-10-30,18610.0,,0.0
2018-10-31,18610.0,,0.0
2018-11-01,18610.0,,0.0
2018-11-02,18610.0,,0.0
2018-11-03,18610.0,,0.0
2018-11-04,18610.0,,0.0
2018-11-05,18610.0,,0.0
2018-11-06,18540.0,-70.0,-0.0037614185921547305
2018-11-07,18540.0,,0.0
2018-11-08,18540.0,,0.0
2018-11-09,18540.0,,0.0
2018-11-10,18540.0,,0.0
2018-11-11,18540.0,,0.0
2018-11-12,18540.0,,0.0
2018-11-13,18540.0,,0.0
2018-11-14,18540.0,,0.0
2018-11-15,18540.0,,0.0
2018-11-16,18540.0,,0.0
2018-11-17,18540.0,,0.0
2018-11-18,18540.0,,0.0
2018-11-19,18540.0,,0.0
2018-11-20,18540.0,,0.0
2018-11-21,17630.0,-910.0,-0.04908306364617043
2018-11-22,17630.0,,0.0
2018-11-23,17630.0,,0.0
2018-11-24,17630.0,,0.0
2018-11-25,17630.0,,0.0
2018-11-26,17630.0,,0.0
2018-11-27,17630.0,,0.0
2018-11-28,17630.0,,0.0
2018-11-29,17630.0,,0.0
2018-11-30,17630.0,,0.0
2018-12-01,17630.0,,0.0
2018-12-02,17630.0,,0.0
2018-12-03,17630.0,,0.0
2018-12-04,17630.0,,0.0
2018-12-05,17630.0,,0.0
2018-12-06,16250.0,-1380.0,-0.07827566647759499
2018-12-07,16250.0,,0.0
2018-12-08,16250.0,,0.0
2018-12-09,16250.0,,0.0
2018-12-10,16250.0,,0.0
2018-12-11,16250.0,,0.0
2018-12-12,16250.0,,0.0
2018-12-13,16250.0,,0.0
2018-12-14,16250.0,,0.0
2018-12-15,16250.0,,0.0
2018-12-16,16250.0,,0.0
2018-12-17,16250.0,,0.0
2018-12-18,16250.0,,0.0
2018-12-19,16250.0,,0.0
2018-12-20,16250.0,,0.0
2018-12-21,16000.0,-250.0,-0.01538461538461533
2018-12-22,16000.0,,0.0
2018-12-23,16000.0,,0.0
2018-12-24,16000.0,,0.0
2018-12-25,16000.0,,0.0
2018-12-26,16000.0,,0.0
2018-12-27,16000.0,,0.0
2018-12-28,16000.0,,0.0
2018-12-29,16000.0,,0.0
2018-12-30,16000.0,,0.0
2018-12-31,16000.0,,0.0
2019-01-01,14900.0,-1100.0,-0.06874999999999998
2019-01-02,14900.0,,0.0
2019-01-03,14900.0,,0.0
2019-01-04,14900.0,,0.0
2019-01-05,14900.0,,0.0
2019-01-06,14900.0,,0.0
2019-01-07,14900.0,,0.0
2019-01-08,14900.0,,0.0
2019-01-09,14900.0,,0.0
2019-01-10,14900.0,,0.0
2019-01-11,14900.0,,0.0
2019-01-12,14900.0,,0.0
2019-01-13,14900.0,,0.0
2019-01-14,14900.0,,0.0
2019-01-15,14900.0,,0.0
2019-01-16,14900.0,0.0,0.0
2019-01-17,14900.0,,0.0
2019-01-18,14900.0,,0.0
2019-01-19,14900.0,,0.0
2019-01-20,14900.0,,0.0
2019-01-21,14900.0,,0.0
2019-01-22,14900.0,,0.0
2019-01-23,14900.0,,0.0
2019-01-24,14900.0,,0.0
2019-01-25,14900.0,,0.0
2019-01-26,14900.0,,0.0
2019-01-27,14900.0,,0.0
2019-01-28,14900.0,,0.0
2019-01-29,14900.0,,0.0
2019-01-30,14900.0,,0.0
2019-01-31,14900.0,0.0,0.0
2019-02-01,14900.0,,0.0
2019-02-02,14900.0,,0.0
2019-02-03,14900.0,,0.0
2019-02-04,14900.0,,0.0
2019-02-05,14900.0,,0.0
2019-02-06,14900.0,,0.0
2019-02-07,14900.0,,0.0
2019-02-08,14900.0,,0.0
2019-02-09,14900.0,,0.0
2019-02-10,14900.0,,0.0
2019-02-11,14900.0,,0.0
2019-02-12,14900.0,,0.0
2019-02-13,14900.0,,0.0
2019-02-14,14900.0,,0.0
2019-02-15,14900.0,0.0,0.0
2019-02-16,14900.0,,0.0
2019-02-17,14900.0,,0.0
2019-02-18,14900.0,,0.0
2019-02-19,14900.0,,0.0
2019-02-20,14900.0,,0.0
2019-02-21,14900.0,,0.0
2019-02-22,14900.0,,0.0
2019-02-23,14900.0,,0.0
2019-02-24,14900.0,,0.0
2019-02-25,14900.0,,0.0
2019-02-26,14900.0,,0.0
2019-02-27,14900.0,,0.0
2019-02-28,14900.0,,0.0
2019-03-01,14900.0,,0.0
2019-03-02,15860.0,960.0,0.06442953020134223
2019-03-03,15860.0,,0.0
2019-03-04,15860.0,,0.0
2019-03-05,15860.0,,0.0
2019-03-06,15860.0,,0.0
2019-03-07,15860.0,,0.0
2019-03-08,15860.0,,0.0
2019-03-09,15860.0,,0.0
2019-03-10,15860.0,,0.0
2019-03-11,15860.0,,0.0
2019-03-12,15860.0,,0.0
2019-03-13,15860.0,,0.0
2019-03-14,15860.0,,0.0
2019-03-15,15860.0,,0.0
2019-03-16,15860.0,,0.0
2019-03-17,15860.0,,0.0
2019-03-18,15860.0,0.0,0.0
2019-03-19,15860.0,,0.0
2019-03-20,15860.0,,0.0
2019-03-21,15860.0,,0.0
2019-03-22,15860.0,,0.0
2019-03-23,15860.0,,0.0
2019-03-24,15860.0,,0.0
2019-03-25,15860.0,,0.0
2019-03-26,15860.0,,0.0
2019-03-27,15860.0,,0.0
2019-03-28,15860.0,,0.0
2019-03-29,15860.0,,0.0
2019-03-30,15860.0,,0.0
2019-03-31,15860.0,,0.0
2019-04-01,15860.0,,0.0
2019-04-02,17080.0,1220.0,0.07692307692307687
2019-04-03,17080.0,,0.0
2019-04-04,17080.0,,0.0
2019-04-05,17080.0,,0.0
2019-04-06,17080.0,,0.0
2019-04-07,17080.0,,0.0
2019-04-08,17080.0,,0.0
2019-04-09,17080.0,,0.0
2019-04-10,17080.0,,0.0
2019-04-11,17080.0,,0.0
2019-04-12,17080.0,,0.0
2019-04-13,17080.0,,0.0
2019-04-14,17080.0,,0.0
2019-04-15,17080.0,,0.0
2019-04-16,17080.0,,0.0
2019-04-17,17380.0,300.0,0.017564402810304358
2019-04-18,17380.0,,0.0
2019-04-19,17380.0,,0.0
2019-04-20,17380.0,,0.0
2019-04-21,17380.0,,0.0
2019-04-22,17380.0,,0.0
2019-04-23,17380.0,,0.0
2019-04-24,17380.0,,0.0
2019-04-25,17380.0,,0.0
2019-04-26,17380.0,,0.0
2019-04-27,17380.0,,0.0
2019-04-28,17380.0,,0.0
2019-04-29,17380.0,,0.0
2019-04-30,17380.0,,0.0
2019-05-01,17380.0,,0.0
2019-05-02,17690.0,310.0,0.017836593785960808
2019-05-03,17690.0,,0.0
2019-05-04,17690.0,,0.0
2019-05-05,17690.0,,0.0
2019-05-06,17690.0,,0.0
2019-05-07,17690.0,,0.0
2019-05-08,17690.0,,0.0
2019-05-09,17690.0,,0.0
2019-05-10,17690.0,,0.0
2019-05-11,17690.0,,0.0
2019-05-12,17690.0,,0.0
2019-05-13,17690.0,,0.0
2019-05-14,17690.0,,0.0
2019-05-15,17690.0,,0.0
2019-05-16,17690.0,,0.0
2019-05-17,17610.0,-80.0,-0.0045223289994347216
2019-05-18,17610.0,,0.0
2019-05-19,17610.0,,0.0
2019-05-20,17610.0,,0.0
2019-05-21,17610.0,,0.0
2019-05-22,17610.0,,0.0
2019-05-23,17610.0,,0.0
2019-05-24,17610.0,,0.0
2019-05-25,17610.0,,0.0
2019-05-26,17610.0,,0.0
2019-05-27,17610.0,,0.0
2019-05-28,17610.0,,0.0
2019-05-29,17610.0,,0.0
2019-05-30,17610.0,,0.0
2019-05-31,17610.0,,0.0
2019-06-01,17390.0,-220.0,-0.01249290176036344
2019-06-02,17390.0,,0.0
2019-06-03,17390.0,,0.0
2019-06-04,17390.0,,0.0
2019-06-05,17390.0,,0.0
2019-06-06,17390.0,,0.0
2019-06-07,17390.0,,0.0
2019-06-08,17390.0,,0.0
2019-06-09,17390.0,,0.0
2019-06-10,17390.0,,0.0
2019-06-11,17390.0,,0.0
2019-06-12,17390.0,,0.0
2019-06-13,17390.0,,0.0
2019-06-14,17390.0,,0.0
2019-06-15,17390.0,,0.0
2019-06-16,17390.0,,0.0
2019-06-17,16650.0,-740.0,-0.04255319148936165
2019-06-18,16650.0,,0.0
2019-06-19,16650.0,,0.0
2019-06-20,16650.0,,0.0
2019-06-21,16650.0,,0.0
2019-06-22,16650.0,,0.0
2019-06-23,16650.0,,0.0
2019-06-24,16650.0,,0.0
2019-06-25,16650.0,,0.0
2019-06-26,16650.0,,0.0
2019-06-27,16650.0,,0.0
2019-06-28,16650.0,,0.0
2019-06-29,16650.0,,0.0
2019-06-30,16650.0,,0.0
2019-07-01,16650.0,,0.0
2019-07-02,16940.0,290.0,0.017417417417417314
2019-07-03,16940.0,,0.0
2019-07-04,16940.0,,0.0
2019-07-05,16940.0,,0.0
2019-07-06,16940.0,,0.0
2019-07-07,16940.0,,0.0
2019-07-08,16940.0,,0.0
2019-07-09,16940.0,,0.0
2019-07-10,16940.0,,0.0
2019-07-11,16940.0,,0.0
2019-07-12,16940.0,,0.0
2019-07-13,16940.0,,0.0
2019-07-14,16940.0,,0.0
2019-07-15,16940.0,,0.0
2019-07-16,16940.0,,0.0
2019-07-17,16990.0,50.0,0.002951593860684776
2019-07-18,16990.0,,0.0
2019-07-19,16990.0,,0.0
2019-07-20,16990.0,,0.0
2019-07-21,16990.0,,0.0
2019-07-22,16990.0,,0.0
2019-07-23,16990.0,,0.0
2019-07-24,16990.0,,0.0
2019-07-25,16990.0,,0.0
2019-07-26,16990.0,,0.0
2019-07-27,16990.0,,0.0
2019-07-28,16990.0,,0.0
2019-07-29,16990.0,,0.0
2019-07-30,16990.0,,0.0
2019-07-31,16990.0,,0.0
2019-08-01,17020.0,30.0,0.0017657445556209517
2019-08-02,17020.0,,0.0
2019-08-03,17020.0,,0.0
2019-08-04,17020.0,,0.0
2019-08-05,17020.0,,0.0
2019-08-06,17020.0,,0.0
2019-08-07,17020.0,,0.0
2019-08-08,17020.0,,0.0
2019-08-09,17020.0,,0.0
2019-08-10,17020.0,,0.0
2019-08-11,17020.0,,0.0
2019-08-12,17020.0,,0.0
2019-08-13,17020.0,,0.0
2019-08-14,17020.0,,0.0
2019-08-15,17020.0,,0.0
2019-08-16,16500.0,-520.0,-0.03055229142185667
2019-08-17,16500.0,,0.0
2019-08-18,16500.0,,0.0
2019-08-19,16500.0,,0.0
2019-08-20,16500.0,,0.0
2019-08-21,16500.0,,0.0
2019-08-22,16500.0,,0.0
2019-08-23,16500.0,,0.0
2019-08-24,16500.0,,0.0
2019-08-25,16500.0,,0.0
2019-08-26,16500.0,,0.0
2019-08-27,16500.0,,0.0
2019-08-28,16500.0,,0.0
2019-08-29,16500.0,,0.0
2019-08-30,16500.0,,0.0
2019-08-31,16330.0,-170.0,-0.010303030303030258
2019-09-01,16330.0,,0.0
2019-09-02,16330.0,,0.0
2019-09-03,16330.0,,0.0
2019-09-04,16330.0,,0.0
2019-09-05,16330.0,,0.0
2019-09-06,16330.0,,0.0
2019-09-07,16330.0,,0.0
2019-09-08,16330.0,,0.0
2019-09-09,16330.0,,0.0
2019-09-10,16330.0,,0.0
2019-09-11,16330.0,,0.0
2019-09-12,16330.0,,0.0
2019-09-13,16330.0,,0.0
2019-09-14,16330.0,,0.0
2019-09-15,16330.0,,0.0
2019-09-16,16200.0,-130.0,-0.007960808328230207
2019-09-17,16200.0,,0.0
2019-09-18,16200.0,,0.0
2019-09-19,16200.0,,0.0
2019-09-20,16200.0,,0.0
2019-09-21,16200.0,,0.0
2019-09-22,16200.0,,0.0
2019-09-23,16200.0,,0.0
2019-09-24,16200.0,,0.0
2019-09-25,16200.0,,0.0
2019-09-26,16200.0,,0.0
2019-09-27,16200.0,,0.0
2019-09-28,16200.0,,0.0
2019-09-29,16200.0,,0.0
2019-09-30,16200.0,,0.0
2019-10-01,16630.0,430.0,0.02654320987654324
2019-10-02,16630.0,,0.0
2019-10-03,16630.0,,0.0
2019-10-04,16630.0,,0.0
2019-10-05,16630.0,,0.0
2019-10-06,16630.0,,0.0
2019-10-07,16630.0,,0.0
2019-10-08,16630.0,,0.0
2019-10-09,16630.0,,0.0
2019-10-10,16630.0,,0.0
2019-10-11,16630.0,,0.0
2019-10-12,16630.0,,0.0
2019-10-13,16630.0,,0.0
2019-10-14,16630.0,,0.0
2019-10-15,16630.0,,0.0
2019-10-16,16220.0,-410.0,-0.024654239326518335
2019-10-17,16220.0,,0.0
2019-10-18,16220.0,,0.0
2019-10-19,16220.0,,0.0
2019-10-20,16220.0,,0.0
2019-10-21,16220.0,,0.0
2019-10-22,16220.0,,0.0
2019-10-23,16220.0,,0.0
2019-10-24,16220.0,,0.0
2019-10-25,16220.0,,0.0
2019-10-26,16220.0,,0.0
2019-10-27,16220.0,,0.0
2019-10-28,16220.0,,0.0
2019-10-29,16220.0,,0.0
2019-10-30,16220.0,,0.0
2019-10-31,16050.0,-170.0,-0.010480887792848281
2019-11-01,16050.0,,0.0
2019-11-02,16050.0,,0.0
2019-11-03,16050.0,,0.0
2019-11-04,16050.0,,0.0
2019-11-05,16050.0,,0.0
2019-11-06,16050.0,,0.0
2019-11-07,16050.0,,0.0
2019-11-08,16050.0,,0.0
2019-11-09,16050.0,,0.0
2019-11-10,16050.0,,0.0
2019-11-11,16050.0,,0.0
2019-11-12,16050.0,,0.0
2019-11-13,16050.0,,0.0
2019-11-14,16050.0,,0.0
2019-11-15,15960.0,-90.0,-0.005607476635513975
2019-11-16,15960.0,,0.0
2019-11-17,15960.0,,0.0
2019-11-18,15960.0,,0.0
2019-11-19,15960.0,,0.0
2019-11-20,15960.0,,0.0
2019-11-21,15960.0,,0.0
2019-11-22,15960.0,,0.0
2019-11-23,15960.0,,0.0
2019-11-24,15960.0,,0.0
2019-11-25,15960.0,,0.0
2019-11-26,15960.0,,0.0
2019-11-27,15960.0,,0.0
2019-11-28,15960.0,,0.0
2019-11-29,15960.0,,0.0
2019-11-30,15980.0,20.0,0.0012531328320801727
2019-12-01,15980.0,,0.0
2019-12-02,15980.0,,0.0
2019-12-03,15980.0,,0.0
2019-12-04,15980.0,,0.0
2019-12-05,15980.0,,0.0
2019-12-06,15980.0,,0.0
2019-12-07,15980.0,,0.0
2019-12-08,15980.0,,0.0
2019-12-09,15980.0,,0.0
2019-12-10,15980.0,,0.0
2019-12-11,15980.0,,0.0
2019-12-12,15980.0,,0.0
2019-12-13,15980.0,,0.0
2019-12-14,15980.0,,0.0
2019-12-15,15980.0,,0.0
2019-12-16,16060.0,80.0,0.005006257822277815
2019-12-17,16060.0,,0.0
2019-12-18,16060.0,,0.0
2019-12-19,16060.0,,0.0
2019-12-20,16060.0,,0.0
2019-12-21,16060.0,,0.0
2019-12-22,16060.0,,0.0
2019-12-23,16060.0,,0.0
2019-12-24,16060.0,,0.0
2019-12-25,16060.0,,0.0
2019-12-26,16060.0,,0.0
2019-12-27,16060.0,,0.0
2019-12-28,16060.0,,0.0
2019-12-29,16060.0,,0.0
2019-12-30,16060.0,,0.0
2019-12-31,16590.0,530.0,0.03300124533001236
2020-01-01,16590.0,,0.0
2020-01-02,16590.0,,0.0
2020-01-03,16590.0,,0.0
2020-01-04,16590.0,,0.0
2020-01-05,16590.0,,0.0
2020-01-06,16590.0,,0.0
2020-01-07,16590.0,,0.0
2020-01-08,16590.0,,0.0
2020-01-09,16590.0,,0.0
2020-01-10,16590.0,,0.0
2020-01-11,16590.0,,0.0
2020-01-12,16590.0,,0.0
2020-01-13,16590.0,,0.0
2020-01-14,16590.0,,0.0
2020-01-15,16540.0,-50.0,-0.003013863773357439
2020-01-16,16540.0,,0.0
2020-01-17,16540.0,,0.0
2020-01-18,16540.0,,0.0
2020-01-19,16540.0,,0.0
2020-01-20,16540.0,,0.0
2020-01-21,16540.0,,0.0
2020-01-22,16540.0,,0.0
2020-01-23,16540.0,,0.0
2020-01-24,16540.0,,0.0
2020-01-25,16540.0,,0.0
2020-01-26,16540.0,,0.0
2020-01-27,16540.0,,0.0
2020-01-28,16540.0,,0.0
2020-01-29,16540.0,,0.0
2020-01-30,16130.0,-410.0,-0.024788391777509022
2020-01-31,16130.0,,0.0
2020-02-01,16130.0,,0.0
2020-02-02,16130.0,,0.0
2020-02-03,16130.0,,0.0
2020-02-04,16130.0,,0.0
2020-02-05,16130.0,,0.0
2020-02-06,16130.0,,0.0
2020-02-07,16130.0,,0.0
2020-02-08,16130.0,,0.0
2020-02-09,16130.0,,0.0
2020-02-10,16130.0,,0.0
2020-02-11,16130.0,,0.0
2020-02-12,16130.0,,0.0
2020-02-13,16130.0,,0.0
2020-02-14,15170.0,-960.0,-0.05951642901425913
2020-02-15,15170.0,,0.0
2020-02-16,15170.0,,0.0
2020-02-17,15170.0,,0.0
2020-02-18,15170.0,,0.0
2020-02-19,15170.0,,0.0
2020-02-20,15170.0,,0.0
2020-02-21,15170.0,,0.0
2020-02-22,15170.0,,0.0
2020-02-23,15170.0,,0.0
2020-02-24,15170.0,,0.0
2020-02-25,15170.0,,0.0
2020-02-26,15170.0,,0.0
2020-02-27,15170.0,,0.0
2020-02-28,15170.0,,0.0
2020-02-29,14780.0,-390.0,-0.02570863546473301
2020-03-01,14780.0,,0.0
2020-03-02,14780.0,,0.0
2020-03-03,14780.0,,0.0
2020-03-04,14780.0,,0.0
2020-03-05,14780.0,,0.0
2020-03-06,14780.0,,0.0
2020-03-07,14780.0,,0.0
2020-03-08,14780.0,,0.0
2020-03-09,14780.0,,0.0
2020-03-10,14780.0,,0.0
2020-03-11,14780.0,,0.0
2020-03-12,14780.0,,0.0
2020-03-13,14780.0,,0.0
2020-03-14,14780.0,,0.0
2020-03-15,13030.0,-1750.0,-0.118403247631935
2020-03-16,13030.0,,0.0
2020-03-17,13030.0,,0.0
2020-03-18,13030.0,,0.0
2020-03-19,13030.0,,0.0
2020-03-20,13030.0,,0.0
2020-03-21,13030.0,,0.0
2020-03-22,13030.0,,0.0
2020-03-23,13030.0,,0.0
2020-03-24,13030.0,,0.0
2020-03-25,13030.0,,0.0
2020-03-26,13030.0,,0.0
2020-03-27,13030.0,,0.0
2020-03-28,13030.0,,0.0
2020-03-29,11250.0,-1780.0,-0.13660782808902527
2020-03-30,11250.0,,0.0
2020-03-31,11250.0,,0.0
2020-04-01,11250.0,,0.0
2020-04-02,11250.0,,0.0
2020-04-03,11250.0,,0.0
2020-04-04,11250.0,,0.0
2020-04-05,11250.0,,0.0
2020-04-06,11250.0,,0.0
2020-04-07,11250.0,,0.0
2020-04-08,11250.0,,0.0
2020-04-09,11250.0,,0.0
2020-04-10,11250.0,,0.0
2020-04-11,11250.0,,0.0
2020-04-12,11250.0,,0.0
2020-04-13,10820.0,-430.0,-0.03822222222222227
2020-04-14,10820.0,,0.0
2020-04-15,10820.0,,0.0
2020-04-16,10820.0,,0.0
2020-04-17,10820.0,,0.0
2020-04-18,10820.0,,0.0
2020-04-19,10820.0,,0.0
2020-04-20,10820.0,,0.0
2020-04-21,10820.0,,0.0
2020-04-22,10820.0,,0.0
2020-04-23,10820.0,,0.0
2020-04-24,10820.0,,0.0
2020-04-25,10820.0,,0.0
2020-04-26,10820.0,,0.0
2020-04-27,10820.0,,0.0
2020-04-28,9940.0,-880.0,-0.08133086876155271
2020-04-29,9940.0,,0.0
2020-04-30,9940.0,,0.0
2020-05-01,9940.0,,0.0
2020-05-02,9940.0,,0.0
2020-05-03,9940.0,,0.0
2020-05-04,9940.0,,0.0
2020-05-05,9940.0,,0.0
2020-05-06,9940.0,,0.0
2020-05-07,9940.0,,0.0
2020-05-08,9940.0,,0.0
2020-05-09,9940.0,,0.0
2020-05-10,9940.0,,0.0
2020-05-11,9940.0,,0.0
2020-05-12,9940.0,,0.0
2020-05-13,9850.0,-90.0,-0.00905432595573441
2020-05-14,9850.0,,0.0
2020-05-15,9850.0,,0.0
2020-05-16,9850.0,,0.0
2020-05-17,9850.0,,0.0
2020-05-18,9850.0,,0.0
2020-05-19,9850.0,,0.0
2020-05-20,9850.0,,0.0
2020-05-21,9850.0,,0.0
2020-05-22,9850.0,,0.0
2020-05-23,9850.0,,0.0
2020-05-24,9850.0,,0.0
2020-05-25,9850.0,,0.0
2020-05-26,9850.0,,0.0
2020-05-27,9850.0,,0.0
2020-05-28,10740.0,890.0,0.09035532994923856
2020-05-29,10740.0,,0.0
2020-05-30,10740.0,,0.0
2020-05-31,10740.0,,0.0
2020-06-01,10740.0,,0.0
2020-06-02,10740.0,,0.0
2020-06-03,10740.0,,0.0
2020-06-04,10740.0,,0.0
2020-06-05,10740.0,,0.0
2020-06-06,10740.0,,0.0
2020-06-07,10740.0,,0.0
2020-06-08,10740.0,,0.0
2020-06-09,10740.0,,0.0
2020-06-10,10740.0,,0.0
2020-06-11,10740.0,,0.0
2020-06-12,11510.0,770.0,0.07169459962756042
2020-06-13,11510.0,,0.0
2020-06-14,11510.0,,0.0
2020-06-15,11510.0,,0.0
2020-06-16,11510.0,,0.0
2020-06-17,11510.0,,0.0
2020-06-18,11510.0,,0.0
2020-06-19,11510.0,,0.0
2020-06-20,11510.0,,0.0
2020-06-21,11510.0,,0.0
2020-06-22,11510.0,,0.0
2020-06-23,11510.0,,0.0
2020-06-24,11510.0,,0.0
2020-06-25,11510.0,,0.0
2020-06-26,11510.0,,0.0
2020-06-27,12110.0,600.0,0.052128583840139076
2020-06-28,12110.0,,0.0
2020-06-29,12110.0,,0.0
2020-06-30,12110.0,,0.0
2020-07-01,12110.0,,0.0
2020-07-02,12110.0,,0.0
2020-07-03,12110.0,,0.0
2020-07-04,12110.0,,0.0
2020-07-05,12110.0,,0.0
2020-07-06,12110.0,,0.0
2020-07-07,12110.0,,0.0
2020-07-08,12110.0,,0.0
2020-07-09,12110.0,,0.0
2020-07-10,12110.0,,0.0
2020-07-11,12110.0,,0.0
2020-07-12,12110.0,,0.0
2020-07-13,12110.0,0.0,0.0
2020-07-14,12110.0,,0.0
2020-07-15,12110.0,,0.0
2020-07-16,12110.0,,0.0
2020-07-17,12110.0,,0.0
2020-07-18,12110.0,,0.0
2020-07-19,12110.0,,0.0
2020-07-20,12110.0,,0.0
2020-07-21,12110.0,,0.0
2020-07-22,12110.0,,0.0
2020-07-23,12110.0,,0.0
2020-07-24,12110.0,,0.0
2020-07-25,12110.0,,0.0
2020-07-26,12110.0,,0.0
2020-07-27,12110.0,,0.0
2020-07-28,12390.0,280.0,0.023121387283236983
2020-07-29,12390.0,,0.0
2020-07-30,12390.0,,0.0
2020-07-31,12390.0,,0.0
2020-08-01,12390.0,,0.0
2020-08-02,12390.0,,0.0
2020-08-03,12390.0,,0.0
2020-08-04,12390.0,,0.0
2020-08-05,12390.0,,0.0
2020-08-06,12390.0,,0.0
2020-08-07,12390.0,,0.0
2020-08-08,12390.0,,0.0
2020-08-09,12390.0,,0.0
2020-08-10,12390.0,,0.0
2020-08-11,12390.0,,0.0
2020-08-12,12200.0,-190.0,-0.015334947538337418
2020-08-13,12200.0,,0.0
2020-08-14,12200.0,,0.0
2020-08-15,12200.0,,0.0
2020-08-16,12200.0,,0.0
2020-08-17,12200.0,,0.0
2020-08-18,12200.0,,0.0
2020-08-19,12200.0,,0.0
2020-08-20,12200.0,,0.0
2020-08-21,12200.0,,0.0
2020-08-22,12200.0,,0.0
2020-08-23,12200.0,,0.0
2020-08-24,12200.0,,0.0
2020-08-25,12200.0,,0.0
2020-08-26,12200.0,,0.0
2020-08-27,11960.0,-240.0,-0.01967213114754096
2020-08-28,11960.0,,0.0
2020-08-29,11960.0,,0.0
2020-08-30,11960.0,,0.0
2020-08-31,11960.0,,0.0
2020-09-01,11960.0,,0.0
2020-09-02,11960.0,,0.0
2020-09-03,11960.0,,0.0
2020-09-04,11960.0,,0.0
2020-09-05,11960.0,,0.0
2020-09-06,11960.0,,0.0
2020-09-07,11960.0,,0.0
2020-09-08,11960.0,,0.0
2020-09-09,11960.0,,0.0
2020-09-10,11960.0,,0.0
2020-09-11,11510.0,-450.0,-0.0376254180602007
2020-09-12,11510.0,,0.0
2020-09-13,11510.0,,0.0
2020-09-14,11510.0,,0.0
2020-09-15,11510.0,,0.0
2020-09-16,11510.0,,0.0
2020-09-17,11510.0,,0.0
2020-09-18,11510.0,,0.0
2020-09-19,11510.0,,0.0
2020-09-20,11510.0,,0.0
2020-09-21,11510.0,,0.0
2020-09-22,11510.0,,0.0
2020-09-23,11510.0,,0.0
2020-09-24,11510.0,,0.0
2020-09-25,11510.0,,0.0
2020-09-26,11120.0,-390.0,-0.03388357949609033
2020-09-27,11120.0,,0.0
2020-09-28,11120.0,,0.0
2020-09-29,11120.0,,0.0
2020-09-30,11120.0,,0.0
2020-10-01,11120.0,,0.0
2020-10-02,11120.0,,0.0
2020-10-03,11120.0,,0.0
2020-10-04,11120.0,,0.0
2020-10-05,11120.0,,0.0
2020-10-06,11120.0,,0.0
2020-10-07,11120.0,,0.0
2020-10-08,11120.0,,0.0
2020-10-09,11120.0,,0.0
2020-10-10,11120.0,,0.0
2020-10-11,11120.0,,0.0
2020-10-12,11120.0,0.0,0.0
2020-10-13,11120.0,,0.0
2020-10-14,11120.0,,0.0
2020-10-15,11120.0,,0.0
2020-10-16,11120.0,,0.0
2020-10-17,11120.0,,0.0
2020-10-18,11120.0,,0.0
2020-10-19,11120.0,,0.0
2020-10-20,11120.0,,0.0
2020-10-21,11120.0,,0.0
2020-10-22,11120.0,,0.0
2020-10-23,11120.0,,0.0
2020-10-24,11120.0,,0.0
2020-10-25,11120.0,,0.0
2020-10-26,11120.0,,0.0
2020-10-27,11210.0,90.0,0.008093525179856176
2020-10-28,11210.0,,0.0
2020-10-29,11210.0,,0.0
2020-10-30,11210.0,,0.0
2020-10-31,11210.0,,0.0
2020-11-01,11210.0,,0.0
2020-11-02,11210.0,,0.0
2020-11-03,11210.0,,0.0
2020-11-04,11210.0,,0.0
2020-11-05,11210.0,,0.0
2020-11-06,11210.0,,0.0
2020-11-07,11210.0,,0.0
2020-11-08,11210.0,,0.0
2020-11-09,11210.0,,0.0
2020-11-10,11210.0,,0.0
2020-11-11,10830.0,-380.0,-0.03389830508474578
2020-11-12,10830.0,,0.0
2020-11-13,10830.0,,0.0
2020-11-14,10830.0,,0.0
2020-11-15,10830.0,,0.0
2020-11-16,10830.0,,0.0
2020-11-17,10830.0,,0.0
2020-11-18,10830.0,,0.0
2020-11-19,10830.0,,0.0
2020-11-20,10830.0,,0.0
2020-11-21,10830.0,,0.0
2020-11-22,10830.0,,0.0
2020-11-23,10830.0,,0.0
2020-11-24,10830.0,,0.0
2020-11-25,10830.0,,0.0
2020-11-26,11430.0,600.0,0.05540166204986141
2020-11-27,11430.0,,0.0
2020-11-28,11430.0,,0.0
2020-11-29,11430.0,,0.0
2020-11-30,11430.0,,0.0
2020-12-01,11430.0,,0.0
2020-12-02,11430.0,,0.0
2020-12-03,11430.0,,0.0
2020-12-04,11430.0,,0.0
2020-12-05,11430.0,,0.0
2020-12-06,11430.0,,0.0
2020-12-07,11430.0,,0.0
2020-12-08,11430.0,,0.0
2020-12-09,11430.0,,0.0
2020-12-10,11430.0,,0.0
2020-12-11,11890.0,460.0,0.0402449693788276
2020-12-12,11890.0,,0.0
2020-12-13,11890.0,,0.0
2020-12-14,11890.0,,0.0
2020-12-15,11890.0,,0.0
2020-12-16,11890.0,,0.0
2020-12-17,11890.0,,0.0
2020-12-18,11890.0,,0.0
2020-12-19,11890.0,,0.0
2020-12-20,11890.0,,0.0
2020-12-21,11890.0,,0.0
2020-12-22,11890.0,,0.0
2020-12-23,11890.0,,0.0
2020-12-24,11890.0,,0.0
2020-12-25,11890.0,,0.0
2020-12-26,12370.0,480.0,0.04037005887300249
2020-12-27,12370.0,,0.0
2020-12-28,12370.0,,0.0
2020-12-29,12370.0,,0.0
2020-12-30,12370.0,,0.0
2020-12-31,12370.0,,0.0
2021-01-01,12370.0,,0.0
2021-01-02,12370.0,,0.0
2021-01-03,12370.0,,0.0
2021-01-04,12370.0,,0.0
2021-01-05,12370.0,,0.0
2021-01-06,12370.0,,0.0
2021-01-07,12370.0,,0.0
2021-01-08,12370.0,,0.0
2021-01-09,12370.0,,0.0
2021-01-10,12370.0,,0.0
2021-01-11,12640.0,270.0,0.021827000808407382
2021-01-12,12640.0,,0.0
2021-01-13,12640.0,,0.0
2021-01-14,12640.0,,0.0
2021-01-15,12640.0,,0.0
2021-01-16,12640.0,,0.0
2021-01-17,12640.0,,0.0
2021-01-18,12640.0,,0.0
2021-01-19,12640.0,,0.0
2021-01-20,12640.0,,0.0
2021-01-21,12640.0,,0.0
2021-01-22,12640.0,,0.0
2021-01-23,12640.0,,0.0
2021-01-24,12640.0,,0.0
2021-01-25,12640.0,,0.0
2021-01-26,13040.0,400.0,0.03164556962025311
2021-01-27,13040.0,,0.0
2021-01-28,13040.0,,0.0
2021-01-29,13040.0,,0.0
2021-01-30,13040.0,,0.0
2021-01-31,13040.0,,0.0
2021-02-01,13040.0,,0.0
2021-02-02,13040.0,,0.0
2021-02-03,13040.0,,0.0
2021-02-04,13040.0,,0.0
2021-02-05,13040.0,,0.0
2021-02-06,13040.0,,0.0
2021-02-07,13040.0,,0.0
2021-02-08,13040.0,,0.0
2021-02-09,13040.0,,0.0
2021-02-10,13040.0,0.0,0.0
2021-02-11,13040.0,,0.0
2021-02-12,13040.0,,0.0
2021-02-13,13040.0,,0.0
2021-02-14,13040.0,,0.0
2021-02-15,13040.0,,0.0
2021-02-16,13040.0,,0.0
2021-02-17,13040.0,,0.0
2021-02-18,13040.0,,0.0
2021-02-19,13040.0,,0.0
2021-02-20,13040.0,,0.0
2021-02-21,13040.0,,0.0
2021-02-22,13040.0,,0.0
2021-02-23,13040.0,,0.0
2021-02-24,13040.0,,0.0
2021-02-25,13840.0,800.0,0.06134969325153383
2021-02-26,13840.0,,0.0
2021-02-27,13840.0,,0.0
2021-02-28,13840.0,,0.0
2021-03-01,13840.0,,0.0
2021-03-02,13840.0,,0.0
2021-03-03,13840.0,,0.0
2021-03-04,13840.0,,0.0
2021-03-05,13840.0,,0.0
2021-03-06,13840.0,,0.0
2021-03-07,13840.0,,0.0
2021-03-08,13840.0,,0.0
2021-03-09,13840.0,,0.0
2021-03-10,13840.0,,0.0
2021-03-11,13840.0,,0.0
2021-03-12,14400.0,560.0,0.040462427745664664
2021-03-13,14400.0,,0.0
2021-03-14,14400.0,,0.0
2021-03-15,14400.0,,0.0
2021-03-16,14400.0,,0.0
2021-03-17,14400.0,,0.0
2021-03-18,14400.0,,0.0
2021-03-19,14400.0,,0.0
2021-03-20,14400.0,,0.0
2021-03-21,14400.0,,0.0
2021-03-22,14400.0,,0.0
2021-03-23,14400.0,,0.0
2021-03-24,14400.0,,0.0
2021-03-25,14400.0,,0.0
2021-03-26,14400.0,,0.0
2021-03-27,14240.0,-160.0,-0.011111111111111072
2021-03-28,14240.0,,0.0
2021-03-29,14240.0,,0.0
2021-03-30,14240.0,,0.0
2021-03-31,14240.0,,0.0
2021-04-01,14240.0,,0.0
2021-04-02,14240.0,,0.0
2021-04-03,14240.0,,0.0
2021-04-04,14240.0,,0.0
2021-04-05,14240.0,,0.0
2021-04-06,14240.0,,0.0
2021-04-07,14240.0,,0.0
2021-04-08,14240.0,,0.0
2021-04-09,14240.0,,0.0
2021-04-10,14240.0,,0.0
2021-04-11,14240.0,,0.0
2021-04-12,14140.0,-100.0,-0.0070224719101124045
2021-04-13,14140.0,,0.0
2021-04-14,14140.0,,0.0
2021-04-15,14140.0,,0.0
2021-04-16,14140.0,,0.0
2021-04-17,14140.0,,0.0
2021-04-18,14140.0,,0.0
2021-04-19,14140.0,,0.0
2021-04-20,14140.0,,0.0
2021-04-21,14140.0,,0.0
2021-04-22,14140.0,,0.0
2021-04-23,14140.0,,0.0
2021-04-24,14140.0,,0.0
2021-04-25,14140.0,,0.0
2021-04-26,14140.0,,0.0
2021-04-27,14320.0,180.0,0.012729844413012836
2021-04-28,14320.0,,0.0
2021-04-29,14320.0,,0.0
2021-04-30,14320.0,,0.0
2021-05-01,14320.0,,0.0
2021-05-02,14320.0,,0.0
2021-05-03,14320.0,,0.0
2021-05-04,14320.0,,0.0
2021-05-05,14320.0,,0.0
2021-05-06,14320.0,,0.0
2021-05-07,14320.0,,0.0
2021-05-08,14320.0,,0.0
2021-05-09,14320.0,,0.0
2021-05-10,14320.0,,0.0
2021-05-11,14320.0,,0.0
2021-05-12,14770.0,450.0,0.03142458100558665
2021-05-13,14770.0,,0.0
2021-05-14,14770.0,,0.0
2021-05-15,14770.0,,0.0
2021-05-16,14770.0,,0.0
2021-05-17,14770.0,,0.0
2021-05-18,14770.0,,0.0
2021-05-19,14770.0,,0.0
2021-05-20,14770.0,,0.0
2021-05-21,14770.0,,0.0
2021-05-22,14770.0,,0.0
2021-05-23,14770.0,,0.0
2021-05-24,14770.0,,0.0
2021-05-25,14770.0,,0.0
2021-05-26,14770.0,,0.0
2021-05-27,14770.0,0.0,0.0
2021-05-28,14770.0,,0.0
2021-05-29,14770.0,,0.0
2021-05-30,14770.0,,0.0
2021-05-31,14770.0,,0.0
2021-06-01,14770.0,,0.0
2021-06-02,14770.0,,0.0
2021-06-03,14770.0,,0.0
2021-06-04,14770.0,,0.0
2021-06-05,14770.0,,0.0
2021-06-06,14770.0,,0.0
2021-06-07,14770.0,,0.0
2021-06-08,14770.0,,0.0
2021-06-09,14770.0,,0.0
2021-06-10,14770.0,,0.0
2021-06-11,15440.0,670.0,0.04536222071767093
2021-06-12,15440.0,,0.0
2021-06-13,15440.0,,0.0
2021-06-14,15440.0,,0.0
2021-06-15,15440.0,,0.0
2021-06-16,15440.0,,0.0
2021-06-17,15440.0,,0.0
2021-06-18,15440.0,,0.0
2021-06-19,15440.0,,0.0
2021-06-20,15440.0,,0.0
2021-06-21,15440.0,,0.0
2021-06-22,15440.0,,0.0
2021-06-23,15440.0,,0.0
2021-06-24,15440.0,,0.0
2021-06-25,15440.0,,0.0
2021-06-26,16110.0,670.0,0.04339378238341962
2021-06-27,16110.0,,0.0
2021-06-28,16110.0,,0.0
2021-06-29,16110.0,,0.0
2021-06-30,16110.0,,0.0
2021-07-01,16110.0,,0.0
2021-07-02,16110.0,,0.0
2021-07-03,16110.0,,0.0
2021-07-04,16110.0,,0.0
2021-07-05,16110.0,,0.0
2021-07-06,16110.0,,0.0
2021-07-07,16110.0,,0.0
2021-07-08,16110.0,,0.0
2021-07-09,16110.0,,0.0
2021-07-10,16110.0,,0.0
2021-07-11,16110.0,,0.0
2021-07-12,16530.0,420.0,0.026070763500931182
2021-07-13,16530.0,,0.0
2021-07-14,16530.0,,0.0
2021-07-15,16530.0,,0.0
2021-07-16,16530.0,,0.0
2021-07-17,16530.0,,0.0
2021-07-18,16530.0,,0.0
2021-07-19,16530.0,,0.0
2021-07-20,16530.0,,0.0
2021-07-21,16530.0,,0.0
2021-07-22,16530.0,,0.0
2021-07-23,16530.0,,0.0
2021-07-24,16530.0,,0.0
2021-07-25,16530.0,,0.0
2021-07-26,16530.0,,0.0
2021-07-27,16370.0,-160.0,-0.009679370840895318
2021-07-28,16370.0,,0.0
2021-07-29,16370.0,,0.0
2021-07-30,16370.0,,0.0
2021-07-31,16370.0,,0.0
2021-08-01,16370.0,,0.0
2021-08-02,16370.0,,0.0
2021-08-03,16370.0,,0.0
2021-08-04,16370.0,,0.0
2021-08-05,16370.0,,0.0
2021-08-06,16370.0,,0.0
2021-08-07,16370.0,,0.0
2021-08-08,16370.0,,0.0
2021-08-09,16370.0,,0.0
2021-08-10,16370.0,,0.0
2021-08-11,16170.0,-200.0,-0.012217470983506451
2021-08-12,16170.0,,0.0
2021-08-13,16170.0,,0.0
2021-08-14,16170.0,,0.0
2021-08-15,16170.0,,0.0
2021-08-16,16170.0,,0.0
2021-08-17,16170.0,,0.0
2021-08-18,16170.0,,0.0
2021-08-19,16170.0,,0.0
2021-08-20,16170.0,,0.0
2021-08-21,16170.0,,0.0
2021-08-22,16170.0,,0.0
2021-08-23,16170.0,,0.0
2021-08-24,16170.0,,0.0
2021-08-25,16170.0,,0.0
2021-08-26,15660.0,-510.0,-0.03153988868274582
2021-08-27,15660.0,,0.0
2021-08-28,15660.0,,0.0
2021-08-29,15660.0,,0.0
2021-08-30,15660.0,,0.0
2021-08-31,15660.0,,0.0
2021-09-01,15660.0,,0.0
2021-09-02,15660.0,,0.0
2021-09-03,15660.0,,0.0
2021-09-04,15660.0,,0.0
2021-09-05,15660.0,,0.0
2021-09-06,15660.0,,0.0
2021-09-07,15660.0,,0.0
2021-09-08,15660.0,,0.0
2021-09-09,15660.0,,0.0
2021-09-10,16020.0,360.0,0.02298850574712641
2021-09-11,16020.0,,0.0
2021-09-12,16020.0,,0.0
2021-09-13,16020.0,,0.0
2021-09-14,16020.0,,0.0
2021-09-15,16020.0,,0.0
2021-09-16,16020.0,,0.0
2021-09-17,16020.0,,0.0
2021-09-18,16020.0,,0.0
2021-09-19,16020.0,,0.0
2021-09-20,16020.0,,0.0
2021-09-21,16020.0,,0.0
2021-09-22,16020.0,,0.0
2021-09-23,16020.0,,0.0
2021-09-24,16020.0,,0.0
2021-09-25,16580.0,560.0,0.03495630461922605
2021-09-26,16580.0,,0.0
2021-09-27,16580.0,,0.0
2021-09-28,16580.0,,0.0
2021-09-29,16580.0,,0.0
2021-09-30,16580.0,,0.0
2021-10-01,16580.0,,0.0
2021-10-02,16580.0,,0.0
2021-10-03,16580.0,,0.0
2021-10-04,16580.0,,0.0
2021-10-05,16580.0,,0.0
2021-10-06,16580.0,,0.0
2021-10-07,16580.0,,0.0
2021-10-08,16580.0,,0.0
2021-10-09,16580.0,,0.0
2021-10-10,16580.0,,0.0
2021-10-11,17540.0,960.0,0.0579010856453559
2021-10-12,17540.0,,0.0
2021-10-13,17540.0,,0.0
2021-10-14,17540.0,,0.0
2021-10-15,17540.0,,0.0
2021-10-16,17540.0,,0.0
2021-10-17,17540.0,,0.0
2021-10-18,17540.0,,0.0
2021-10-19,17540.0,,0.0
2021-10-20,17540.0,,0.0
2021-10-21,17540.0,,0.0
2021-10-22,17540.0,,0.0
2021-10-23,17540.0,,0.0
2021-10-24,17540.0,,0.0
2021-10-25,17540.0,,0.0
2021-10-26,18710.0,1170.0,0.0667046750285063
2021-10-27,18710.0,,0.0
2021-10-28,18710.0,,0.0
2021-10-29,18710.0,,0.0
2021-10-30,18710.0,,0.0
2021-10-31,18710.0,,0.0
2021-11-01,18710.0,,0.0
2021-11-02,18710.0,,0.0
2021-11-03,18710.0,,0.0
2021-11-04,18710.0,,0.0
2021-11-05,18710.0,,0.0
2021-11-06,18710.0,,0.0
2021-11-07,18710.0,,0.0
2021-11-08,18710.0,,0.0
2021-11-09,18710.0,,0.0
2021-11-10,18710.0,0.0,0.0
2021-11-11,18710.0,,0.0
2021-11-12,18710.0,,0.0
2021-11-13,18710.0,,0.0
2021-11-14,18710.0,,0.0
2021-11-15,18710.0,,0.0
2021-11-16,18710.0,,0.0
2021-11-17,18710.0,,0.0
2021-11-18,18710.0,,0.0
2021-11-19,18710.0,,0.0
2021-11-20,18710.0,,0.0
2021-11-21,18710.0,,0.0
2021-11-22,18710.0,,0.0
2021-11-23,18710.0,,0.0
2021-11-24,18710.0,,0.0
2021-11-25,18380.0,-330.0,-0.01763762693746662
2021-11-26,18380.0,,0.0
2021-11-27,18380.0,,0.0
2021-11-28,18380.0,,0.0
2021-11-29,18380.0,,0.0
2021-11-30,18380.0,,0.0
2021-12-01,18380.0,,0.0
2021-12-02,18380.0,,0.0
2021-12-03,18380.0,,0.0
2021-12-04,18380.0,,0.0
2021-12-05,18380.0,,0.0
2021-12-06,18380.0,,0.0
2021-12-07,18380.0,,0.0
2021-12-08,18380.0,,0.0
2021-12-09,18380.0,,0.0
2021-12-10,17330.0,-1050.0,-0.0571273122959739
2021-12-11,17330.0,,0.0
2021-12-12,17330.0,,0.0
2021-12-13,17330.0,,0.0
2021-12-14,17330.0,,0.0
2021-12-15,17330.0,,0.0
2021-12-16,17330.0,,0.0
2021-12-17,17330.0,,0.0
2021-12-18,17330.0,,0.0
2021-12-19,17330.0,,0.0
2021-12-20,17330.0,,0.0
2021-12-21,17330.0,,0.0
2021-12-22,17330.0,,0.0
2021-12-23,17330.0,,0.0
2021-12-24,17330.0,,0.0
2021-12-25,17570.0,240.0,0.013848817080207798
2021-12-26,17570.0,,0.0
2021-12-27,17570.0,,0.0
2021-12-28,17570.0,,0.0
2021-12-29,17570.0,,0.0
2021-12-30,17570.0,,0.0
2021-12-31,17570.0,,0.0
2022-01-01,17570.0,,0.0
2022-01-02,17570.0,,0.0
2022-01-03,17570.0,,0.0
2022-01-04,17570.0,,0.0
2022-01-05,17570.0,,0.0
2022-01-06,17570.0,,0.0
2022-01-07,17570.0,,0.0
2022-01-08,17570.0,,0.0
2022-01-09,17570.0,,0.0
2022-01-10,17570.0,,0.0
2022-01-11,18230.0,660.0,0.037564029595902104
2022-01-12,18230.0,,0.0
2022-01-13,18230.0,,0.0
2022-01-14,18230.0,,0.0
2022-01-15,18230.0,,0.0
2022-01-16,18230.0,,0.0
2022-01-17,18230.0,,0.0
2022-01-18,18230.0,,0.0
2022-01-19,18230.0,,0.0
2022-01-20,18230.0,,0.0
2022-01-21,18900.0,670.0,0.036752605595172794
2022-01-22,18900.0,,0.0
2022-01-23,18900.0,,0.0
2022-01-24,18900.0,,0.0
2022-01-25,18900.0,,0.0
2022-01-26,18900.0,,0.0
2022-01-27,18900.0,,0.0
2022-01-28,18900.0,,0.0
2022-01-29,18900.0,,0.0
2022-01-30,18900.0,,0.0
2022-01-31,18900.0,,0.0
2022-02-01,18900.0,,0.0
2022-02-02,18900.0,,0.0
2022-02-03,18900.0,,0.0
2022-02-04,18900.0,,0.0
2022-02-05,18900.0,,0.0
2022-02-06,18900.0,,0.0
2022-02-07,18900.0,,0.0
2022-02-08,18900.0,,0.0
2022-02-09,18900.0,,0.0
2022-02-10,18900.0,,0.0
2022-02-11,19860.0,960.0,0.050793650793650835
2022-02-12,19860.0,,0.0
2022-02-13,19860.0,,0.0
2022-02-14,19860.0,,0.0
2022-02-15,19860.0,,0.0
2022-02-16,19860.0,,0.0
2022-02-17,19860.0,,0.0
2022-02-18,19860.0,,0.0
2022-02-19,19860.0,,0.0
2022-02-20,19860.0,,0.0
2022-02-21,20800.0,940.0,0.04733131923464251
2022-02-22,20800.0,,0.0
2022-02-23,20800.0,,0.0
2022-02-24,20800.0,,0.0
2022-02-25,20800.0,,0.0
2022-02-26,20800.0,,0.0
2022-02-27,20800.0,,0.0
2022-02-28,20800.0,,0.0
2022-03-01,21310.0,510.0,0.024519230769230793
2022-03-02,21310.0,,0.0
2022-03-03,21310.0,,0.0
2022-03-04,21310.0,,0.0
2022-03-05,21310.0,,0.0
2022-03-06,21310.0,,0.0
2022-03-07,21310.0,,0.0
2022-03-08,21310.0,,0.0
2022-03-09,21310.0,,0.0
2022-03-10,21310.0,,0.0
2022-03-11,25260.0,3950.0,0.1853589863913656
2022-03-12,25260.0,,0.0
2022-03-13,25260.0,,0.0
2022-03-14,25260.0,,0.0
2022-03-15,25260.0,,0.0
2022-03-16,25260.0,,0.0
2022-03-17,25260.0,,0.0
2022-03-18,25260.0,,0.0
2022-03-19,25260.0,,0.0
2022-03-20,25260.0,,0.0
2022-03-21,23630.0,-1630.0,-0.06452889944576401
2022-03-22,23630.0,,0.0
2022-03-23,23630.0,,0.0
2022-03-24,23630.0,,0.0
2022-03-25,23630.0,,0.0
2022-03-26,23630.0,,0.0
2022-03-27,23630.0,,0.0
2022-03-28,23630.0,,0.0
2022-03-29,23630.0,,0.0
2022-03-30,23630.0,,0.0
2022-03-31,23630.0,,0.0
2022-04-01,25080.0,1450.0,0.06136267456622946
2022-04-02,25080.0,,0.0
2022-04-03,25080.0,,0.0
2022-04-04,25080.0,,0.0
2022-04-05,25080.0,,0.0
2022-04-06,25080.0,,0.0
2022-04-07,25080.0,,0.0
2022-04-08,25080.0,,0.0
2022-04-09,25080.0,,0.0
2022-04-10,25080.0,,0.0
2022-04-11,25080.0,,0.0
2022-04-12,24380.0,-700.0,-0.027910685805422664
2022-04-13,24380.0,,0.0
2022-04-14,24380.0,,0.0
2022-04-15,24380.0,,0.0
2022-04-16,24380.0,,0.0
2022-04-17,24380.0,,0.0
2022-04-18,24380.0,,0.0
2022-04-19,24380.0,,0.0
2022-04-20,24380.0,,0.0
2022-04-21,25350.0,970.0,0.03978671041837578
2022-04-22,25350.0,,0.0
2022-04-23,25350.0,,0.0
2022-04-24,25350.0,,0.0
2022-04-25,25350.0,,0.0
2022-04-26,25350.0,,0.0
2022-04-27,25350.0,,0.0
2022-04-28,25350.0,,0.0
2022-04-29,25350.0,,0.0
2022-04-30,25350.0,,0.0
2022-05-01,25350.0,,0.0
2022-05-02,25350.0,,0.0
2022-05-03,25350.0,,0.0
2022-05-04,25530.0,180.0,0.007100591715976323
2022-05-05,25530.0,,0.0
2022-05-06,25530.0,,0.0
2022-05-07,25530.0,,0.0
2022-05-08,25530.0,,0.0
2022-05-09,25530.0,,0.0
2022-05-10,25530.0,,0.0
2022-05-11,26650.0,1120.0,0.04386995691343509
2022-05-12,26650.0,,0.0
2022-05-13,26650.0,,0.0
2022-05-14,26650.0,,0.0
2022-05-15,26650.0,,0.0
2022-05-16,26650.0,,0.0
2022-05-17,26650.0,,0.0
2022-05-18,26650.0,,0.0
2022-05-19,26650.0,,0.0
2022-05-20,26650.0,,0.0
2022-05-21,26650.0,,0.0
2022-05-22,26650.0,,0.0
2022-05-23,25550.0,-1100.0,-0.0412757973733584
2022-05-24,25550.0,,0.0
2022-05-25,25550.0,,0.0
2022-05-26,25550.0,,0.0
2022-05-27,25550.0,,0.0
2022-05-28,25550.0,,0.0
2022-05-29,25550.0,,0.0
2022-05-30,25550.0,,0.0
2022-05-31,25550.0,,0.0
2022-06-01,26390.0,840.0,0.03287671232876721
2022-06-02,26390.0,,0.0
2022-06-03,26390.0,,0.0
2022-06-04,26390.0,,0.0
2022-06-05,26390.0,,0.0
2022-06-06,26390.0,,0.0
2022-06-07,26390.0,,0.0
2022-06-08,26390.0,,0.0
2022-06-09,26390.0,,0.0
2022-06-10,26390.0,,0.0
2022-06-11,26390.0,,0.0
2022-06-12,26390.0,,0.0
2022-06-13,29020.0,2630.0,0.09965896172792732
2022-06-14,29020.0,,0.0
2022-06-15,29020.0,,0.0
2022-06-16,29020.0,,0.0
2022-06-17,29020.0,,0.0
2022-06-18,29020.0,,0.0
2022-06-19,29020.0,,0.0
2022-06-20,29020.0,,0.0
2022-06-21,30010.0,990.0,0.03411440385940723
2022-06-22,30010.0,,0.0
2022-06-23,30010.0,,0.0
2022-06-24,30010.0,,0.0
2022-06-25,30010.0,,0.0
2022-06-26,30010.0,,0.0
2022-06-27,30010.0,,0.0
2022-06-28,30010.0,,0.0
2022-06-29,30010.0,,0.0
2022-06-30,30010.0,,0.0
2022-07-01,29610.0,-400.0,-0.013328890369876722
2022-07-02,29610.0,,0.0
2022-07-03,29610.0,,0.0
2022-07-04,29610.0,,0.0
2022-07-05,29610.0,,0.0
2022-07-06,29610.0,,0.0
2022-07-07,29610.0,,0.0
2022-07-08,29610.0,,0.0
2022-07-09,29610.0,,0.0
2022-07-10,29610.0,,0.0
2022-07-11,26590.0,-3020.0,-0.10199257007767648
2022-07-12,26590.0,,0.0
2022-07-13,26590.0,,0.0
2022-07-14,26590.0,,0.0
2022-07-15,26590.0,,0.0
2022-07-16,26590.0,,0.0
2022-07-17,26590.0,,0.0
2022-07-18,26590.0,,0.0
2022-07-19,26590.0,,0.0
2022-07-20,26590.0,,0.0
2022-07-21,24850.0,-1740.0,-0.06543813463708159
2022-07-22,24850.0,,0.0
2022-07-23,24850.0,,0.0
2022-07-24,24850.0,,0.0
2022-07-25,24850.0,,0.0
2022-07-26,24850.0,,0.0
2022-07-27,24850.0,,0.0
2022-07-28,24850.0,,0.0
2022-07-29,24850.0,,0.0
2022-07-30,24850.0,,0.0
2022-07-31,24850.0,,0.0
2022-08-01,23900.0,-950.0,-0.0382293762575453
2022-08-02,23900.0,,0.0
2022-08-03,23900.0,,0.0
2022-08-04,23900.0,,0.0
2022-08-05,23900.0,,0.0
2022-08-06,23900.0,,0.0
2022-08-07,23900.0,,0.0
2022-08-08,23900.0,,0.0
2022-08-09,23900.0,,0.0
2022-08-10,23900.0,,0.0
2022-08-11,22900.0,-1000.0,-0.04184100418410042
2022-08-12,22900.0,,0.0
2022-08-13,22900.0,,0.0
2022-08-14,22900.0,,0.0
2022-08-15,22900.0,,0.0
2022-08-16,22900.0,,0.0
2022-08-17,22900.0,,0.0
2022-08-18,22900.0,,0.0
2022-08-19,22900.0,,0.0
2022-08-20,22900.0,,0.0
2022-08-21,22900.0,,0.0
2022-08-22,23750.0,850.0,0.037117903930131035
2022-08-23,23750.0,,0.0
2022-08-24,23750.0,,0.0
2022-08-25,23750.0,,0.0
2022-08-26,23750.0,,0.0
2022-08-27,23750.0,,0.0
2022-08-28,23750.0,,0.0
2022-08-29,23750.0,,0.0
2022-08-30,23750.0,,0.0
2022-08-31,23750.0,,0.0
2022-09-01,23750.0,,0.0
2022-09-02,23750.0,,0.0
2022-09-03,23750.0,,0.0
2022-09-04,23750.0,,0.0
2022-09-05,25180.0,1430.0,0.06021052631578949
2022-09-06,25180.0,,0.0
2022-09-07,25180.0,,0.0
2022-09-08,25180.0,,0.0
2022-09-09,25180.0,,0.0
2022-09-10,25180.0,,0.0
2022-09-11,25180.0,,0.0
2022-09-12,24180.0,-1000.0,-0.039714058776807004
2022-09-13,24180.0,,0.0
2022-09-14,24180.0,,0.0
2022-09-15,24180.0,,0.0
2022-09-16,24180.0,,0.0
2022-09-17,24180.0,,0.0
2022-09-18,24180.0,,0.0
2022-09-19,24180.0,,0.0
2022-09-20,24180.0,,0.0
2022-09-21,22530.0,-1650.0,-0.06823821339950376
2022-09-22,22530.0,,0.0
2022-09-23,22530.0,,0.0
2022-09-24,22530.0,,0.0
2022-09-25,22530.0,,0.0
2022-09-26,22530.0,,0.0
2022-09-27,22530.0,,0.0
2022-09-28,22530.0,,0.0
2022-09-29,22530.0,,0.0
2022-09-30,22530.0,,0.0
2022-10-01,22530.0,,0.0
2022-10-02,22530.0,,0.0
2022-10-03,22200.0,-330.0,-0.01464713715046606
2022-10-04,22200.0,,0.0
2022-10-05,22200.0,,0.0
2022-10-06,22200.0,,0.0
2022-10-07,22200.0,,0.0
2022-10-08,22200.0,,0.0
2022-10-09,22200.0,,0.0
2022-10-10,22200.0,,0.0
2022-10-11,24180.0,1980.0,0.08918918918918917
2022-10-12,24180.0,,0.0
2022-10-13,24180.0,,0.0
2022-10-14,24180.0,,0.0
2022-10-15,24180.0,,0.0
2022-10-16,24180.0,,0.0
2022-10-17,24180.0,,0.0
2022-10-18,24180.0,,0.0
2022-10-19,24180.0,,0.0
2022-10-20,24180.0,,0.0
2022-10-21,24780.0,600.0,0.02481389578163773
2022-10-22,24780.0,,0.0
2022-10-23,24780.0,,0.0
2022-10-24,24780.0,,0.0
2022-10-25,24780.0,,0.0
2022-10-26,24780.0,,0.0
2022-10-27,24780.0,,0.0
2022-10-28,24780.0,,0.0
2022-10-29,24780.0,,0.0
2022-10-30,24780.0,,0.0
2022-10-31,24780.0,,0.0
2022-11-01,25070.0,290.0,0.011702986279257477
2022-11-02,25070.0,,0.0
2022-11-03,25070.0,,0.0
2022-11-04,25070.0,,0.0
2022-11-05,25070.0,,0.0
2022-11-06,25070.0,,0.0
2022-11-07,25070.0,,0.0
2022-11-08,25070.0,,0.0
2022-11-09,25070.0,,0.0
2022-11-10,25070.0,,0.0
2022-11-11,24980.0,-90.0,-0.0035899481451934223
2022-11-12,24980.0,,0.0
2022-11-13,24980.0,,0.0
2022-11-14,24980.0,,0.0
2022-11-15,24980.0,,0.0
2022-11-16,24980.0,,0.0
2022-11-17,24980.0,,0.0
2022-11-18,24980.0,,0.0
2022-11-19,24980.0,,0.0
2022-11-20,24980.0,,0.0
2022-11-21,24800.0,-180.0,-0.007205764611689314
2022-11-22,24800.0,,0.0
2022-11-23,24800.0,,0.0
2022-11-24,24800.0,,0.0
2022-11-25,24800.0,,0.0
2022-11-26,24800.0,,0.0
2022-11-27,24800.0,,0.0
2022-11-28,24800.0,,0.0
2022-11-29,24800.0,,0.0
2022-11-30,24800.0,,0.0
2022-12-01,23210.0,-1590.0,-0.06411290322580643
2022-12-02,23210.0,,0.0
2022-12-03,23210.0,,0.0
2022-12-04,23210.0,,0.0
2022-12-05,23210.0,,0.0
2022-12-06,23210.0,,0.0
2022-12-07,23210.0,,0.0
2022-12-08,23210.0,,0.0
2022-12-09,23210.0,,0.0
2022-12-10,23210.0,,0.0
2022-12-11,23210.0,,0.0
2022-12-12,21670.0,-1540.0,-0.06635071090047395
2022-12-13,21670.0,,0.0
2022-12-14,21670.0,,0.0
2022-12-15,21670.0,,0.0
2022-12-16,21670.0,,0.0
2022-12-17,21670.0,,0.0
2022-12-18,21670.0,,0.0
2022-12-19,21670.0,,0.0
2022-12-20,21670.0,,0.0
2022-12-21,21600.0,-70.0,-0.0032302722658053007
2022-12-22,21600.0,,0.0
2022-12-23,21600.0,,0.0
2022-12-24,21600.0,,0.0
2022-12-25,21600.0,,0.0
2022-12-26,21600.0,,0.0
2022-12-27,21600.0,,0.0
2022-12-28,21600.0,,0.0
2022-12-29,21600.0,,0.0
2022-12-30,21600.0,,0.0
2022-12-31,21600.0,,0.0
2023-01-01,22150.0,550.0,0.02546296296296302
2023-01-02,22150.0,,0.0
2023-01-03,22150.0,0.0,0.0
2023-01-04,22150.0,,0.0
2023-01-05,22150.0,,0.0
2023-01-06,22150.0,,0.0
2023-01-07,22150.0,,0.0
2023-01-08,22150.0,,0.0
2023-01-09,22150.0,,0.0
2023-01-10,22150.0,,0.0
2023-01-11,21630.0,-520.0,-0.02347629796839734
2023-01-12,21630.0,,0.0
2023-01-13,21630.0,,0.0
2023-01-14,21630.0,,0.0
2023-01-15,21630.0,,0.0
2023-01-16,21630.0,,0.0
2023-01-17,21630.0,,0.0
2023-01-18,21630.0,,0.0
2023-01-19,21630.0,,0.0
2023-01-20,21630.0,,0.0
2023-01-21,21630.0,,0.0
2023-01-22,21630.0,,0.0
2023-01-23,21630.0,,0.0
2023-01-24,21630.0,,0.0
2023-01-25,21630.0,,0.0
2023-01-26,21630.0,,0.0
2023-01-27,21630.0,,0.0
2023-01-28,21630.0,,0.0
2023-01-29,21630.0,,0.0
2023-01-30,22520.0,890.0,0.041146555709662413
2023-01-31,22520.0,,0.0
2023-02-01,22520.0,,0.0
2023-02-02,22520.0,,0.0
2023-02-03,22520.0,,0.0
2023-02-04,22520.0,,0.0
2023-02-05,22520.0,,0.0
2023-02-06,22520.0,,0.0
2023-02-07,22520.0,,0.0
2023-02-08,22520.0,,0.0
2023-02-09,22520.0,,0.0
2023-02-10,22520.0,,0.0
2023-02-11,22520.0,,0.0
2023-02-12,22520.0,,0.0
2023-02-13,21560.0,-960.0,-0.04262877442273538
2023-02-14,21560.0,,0.0
2023-02-15,21560.0,,0.0
2023-02-16,21560.0,,0.0
2023-02-17,21560.0,,0.0
2023-02-18,21560.0,,0.0
2023-02-19,21560.0,,0.0
2023-02-20,21560.0,,0.0
2023-02-21,20800.0,-760.0,-0.03525046382189234
2023-02-22,20800.0,,0.0
2023-02-23,20800.0,,0.0
2023-02-24,20800.0,,0.0
2023-02-25,20800.0,,0.0
2023-02-26,20800.0,,0.0
2023-02-27,20800.0,,0.0
2023-02-28,20800.0,,0.0
2023-03-01,20250.0,-550.0,-0.02644230769230771
2023-03-02,20250.0,,0.0
2023-03-03,20250.0,,0.0
2023-03-04,20250.0,,0.0
2023-03-05,20250.0,,0.0
2023-03-06,20250.0,,0.0
2023-03-07,20250.0,,0.0
2023-03-08,20250.0,,0.0
2023-03-09,20250.0,,0.0
2023-03-10,20250.0,,0.0
2023-03-11,20250.0,,0.0
2023-03-12,20250.0,,0.0
2023-03-13,20500.0,250.0,0.012345679012345734
2023-03-14,20500.0,,0.0
2023-03-15,20500.0,,0.0
2023-03-16,20500.0,,0.0
2023-03-17,20500.0,,0.0
2023-03-18,20500.0,,0.0
2023-03-19,20500.0,,0.0
2023-03-20,20500.0,,0.0
2023-03-21,19300.0,-1200.0,-0.05853658536585371
2023-03-22,19300.0,,0.0
2023-03-23,19300.0,,0.0
2023-03-24,19300.0,,0.0
2023-03-25,19300.0,,0.0
2023-03-26,19300.0,,0.0
2023-03-27,19300.0,,0.0
2023-03-28,19300.0,,0.0
2023-03-29,19300.0,,0.0
2023-03-30,19300.0,,0.0
2023-03-31,19300.0,,0.0
2023-04-01,19300.0,,0.0
2023-04-02,19300.0,,0.0
2023-04-03,19430.0,130.0,0.006735751295336767
2023-04-04,19430.0,,0.0
2023-04-05,19430.0,,0.0
2023-04-06,19430.0,,0.0
2023-04-07,19430.0,,0.0
2023-04-08,19430.0,,0.0
2023-04-09,19430.0,,0.0
2023-04-10,19430.0,,0.0
2023-04-11,20140.0,710.0,0.036541430777148776
2023-04-12,20140.0,,0.0
2023-04-13,20140.0,,0.0
2023-04-14,20140.0,,0.0
2023-04-15,20140.0,,0.0
2023-04-16,20140.0,,0.0
2023-04-17,20140.0,,0.0
2023-04-18,20140.0,,0.0
2023-04-19,20140.0,,0.0
2023-04-20,20140.0,,0.0
2023-04-21,19390.0,-750.0,-0.037239324726911605
2023-04-22,19390.0,,0.0
2023-04-23,19390.0,,0.0
2023-04-24,19390.0,,0.0
2023-04-25,19390.0,,0.0
2023-04-26,19390.0,,0.0
2023-04-27,19390.0,,0.0
2023-04-28,19390.0,,0.0
2023-04-29,19390.0,,0.0
2023-04-30,19390.0,,0.0
2023-05-01,19390.0,,0.0
2023-05-02,19390.0,,0.0
2023-05-03,19390.0,,0.0
2023-05-04,18250.0,-1140.0,-0.0587931923671996
2023-05-05,18250.0,,0.0
2023-05-06,18250.0,,0.0
2023-05-07,18250.0,,0.0
2023-05-08,18250.0,,0.0
2023-05-09,18250.0,,0.0
2023-05-10,18250.0,,0.0
2023-05-11,17653.0,-597.0,-0.03271232876712327
2023-05-12,17653.0,,0.0
2023-05-13,17653.0,,0.0
2023-05-14,17653.0,,0.0
2023-05-15,17653.0,,0.0
2023-05-16,17653.0,,0.0
2023-05-17,17653.0,,0.0
2023-05-18,17653.0,,0.0
2023-05-19,17653.0,,0.0
2023-05-20,17653.0,,0.0
2023-05-21,17653.0,,0.0
2023-05-22,17954.0,301.0,0.01705092618818327
2023-05-23,17954.0,,0.0
2023-05-24,17954.0,,0.0
2023-05-25,17954.0,,0.0
2023-05-26,17954.0,,0.0
2023-05-27,17954.0,,0.0
2023-05-28,17954.0,,0.0
2023-05-29,17954.0,,0.0
2023-05-30,17954.0,,0.0
2023-05-31,17954.0,,0.0
2023-06-01,17943.0,-11.0,-0.0006126768408154515
2023-06-02,17943.0,,0.0
2023-06-03,17943.0,,0.0
2023-06-04,17943.0,,0.0
2023-06-05,17943.0,,0.0
2023-06-06,17943.0,,0.0
2023-06-07,17943.0,,0.0
2023-06-08,17943.0,,0.0
2023-06-09,17943.0,,0.0
2023-06-10,17943.0,,0.0
2023-06-11,17943.0,,0.0
2023-06-12,18028.0,85.0,0.004737223429749804
2023-06-13,18028.0,,0.0
2023-06-14,18028.0,,0.0
2023-06-15,18028.0,,0.0
2023-06-16,18028.0,,0.0
2023-06-17,18028.0,,0.0
2023-06-18,18028.0,,0.0
2023-06-19,18028.0,,0.0
2023-06-20,18028.0,,0.0
2023-06-21,18174.0,146.0,0.00809851342356338
2023-06-22,18174.0,,0.0
2023-06-23,18174.0,,0.0
2023-06-24,18174.0,,0.0
2023-06-25,18174.0,,0.0
2023-06-26,18174.0,,0.0
2023-06-27,18174.0,,0.0
2023-06-28,18174.0,,0.0
2023-06-29,18174.0,,0.0
2023-06-30,18174.0,,0.0
2023-07-01,18174.0,,0.0
2023-07-02,18174.0,,0.0
2023-07-03,18169.0,-5.0,-0.0002751183008693481
2023-07-04,18169.0,,0.0
2023-07-05,18169.0,,0.0
2023-07-06,18169.0,,0.0
2023-07-07,18169.0,,0.0
2023-07-08,18169.0,,0.0
2023-07-09,18169.0,,0.0
2023-07-10,18169.0,,0.0
2023-07-11,18616.0,447.0,0.02460234465298039
2023-07-12,18616.0,,0.0
2023-07-13,18616.0,,0.0
2023-07-14,18616.0,,0.0
2023-07-15,18616.0,,0.0
2023-07-16,18616.0,,0.0
2023-07-17,18616.0,,0.0
2023-07-18,18616.0,,0.0
2023-07-19,18616.0,,0.0
2023-07-20,18616.0,,0.0
2023-07-21,19500.0,884.0,0.04748603351955305
2023-07-22,19500.0,,0.0
2023-07-23,19500.0,,0.0
2023-07-24,19500.0,,0.0
2023-07-25,19500.0,,0.0
2023-07-26,19500.0,,0.0
2023-07-27,19500.0,,0.0
2023-07-28,19500.0,,0.0
2023-07-29,19500.0,,0.0
2023-07-30,19500.0,,0.0
2023-07-31,19500.0,,0.0
2023-08-01,20612.0,1112.0,0.057025641025641116
2023-08-02,20612.0,,0.0
2023-08-03,20612.0,,0.0
2023-08-04,20612.0,,0.0
2023-08-05,20612.0,,0.0
2023-08-06,20612.0,,0.0
2023-08-07,20612.0,,0.0
2023-08-08,20612.0,,0.0
2023-08-09,20612.0,,0.0
2023-08-10,20612.0,,0.0
2023-08-11,22425.0,1813.0,0.08795847079371244
2023-08-12,22425.0,,0.0
2023-08-13,22425.0,,0.0
2023-08-14,22425.0,,0.0
2023-08-15,22425.0,,0.0
2023-08-16,22425.0,,0.0
2023-08-17,22425.0,,0.0
2023-08-18,22425.0,,0.0
2023-08-19,22425.0,,0.0
2023-08-20,22425.0,,0.0
2023-08-21,22354.0,-71.0,-0.0031661092530658186
2023-08-22,22354.0,,0.0
2023-08-23,22354.0,,0.0
2023-08-24,22354.0,,0.0
2023-08-25,22354.0,,0.0
2023-08-26,22354.0,,0.0
2023-08-27,22354.0,,0.0
2023-08-28,22354.0,,0.0
2023-08-29,22354.0,,0.0
2023-08-30,22354.0,,0.0
2023-08-31,22354.0,,0.0
2023-09-01,22354.0,,0.0
2023-09-02,22354.0,,0.0
2023-09-03,22354.0,,0.0
2023-09-04,22354.0,,0.0
2023-09-05,22640.0,286.0,0.012794130804330228
2023-09-06,22640.0,,0.0
2023-09-07,22640.0,,0.0
2023-09-08,22640.0,,0.0
2023-09-09,22640.0,,0.0
2023-09-10,22640.0,,0.0
2023-09-11,23055.0,415.0,0.018330388692579414
2023-09-12,23055.0,,0.0
2023-09-13,23055.0,,0.0
2023-09-14,23055.0,,0.0
2023-09-15,23055.0,,0.0
2023-09-16,23055.0,,0.0
2023-09-17,23055.0,,0.0
2023-09-18,23055.0,,0.0
2023-09-19,23055.0,,0.0
2023-09-20,23055.0,,0.0
2023-09-21,23594.0,539.0,0.02337887659943605
2023-09-22,23594.0,,0.0
2023-09-23,23594.0,,0.0
2023-09-24,23594.0,,0.0
2023-09-25,23594.0,,0.0
2023-09-26,23594.0,,0.0
2023-09-27,23594.0,,0.0
2023-09-28,23594.0,,0.0
2023-09-29,23594.0,,0.0
2023-09-30,23594.0,,0.0
2023-10-01,23594.0,,0.0
2023-10-02,23594.0,0.0,0.0
2023-10-03,23594.0,,0.0
2023-10-04,23594.0,,0.0
2023-10-05,23594.0,,0.0
2023-10-06,23594.0,,0.0
2023-10-07,23594.0,,0.0
2023-10-08,23594.0,,0.0
2023-10-09,23594.0,,0.0
2023-10-10,23594.0,,0.0
2023-10-11,22410.0,-1184.0,-0.050182249724506245
2023-10-12,22410.0,,0.0
2023-10-13,22410.0,,0.0
2023-10-14,22410.0,,0.0
2023-10-15,22410.0,,0.0
2023-10-16,22410.0,,0.0
2023-10-17,22410.0,,0.0
2023-10-18,22410.0,,0.0
2023-10-19,22410.0,,0.0
2023-10-20,22410.0,,0.0
2023-10-21,22410.0,,0.0
2023-10-22,22410.0,,0.0
2023-10-23,22490.0,80.0,0.0035698348951360703
2023-10-24,22490.0,,0.0
2023-10-25,22490.0,,0.0
2023-10-26,22490.0,,0.0
2023-10-27,22490.0,,0.0
2023-10-28,22490.0,,0.0
2023-10-29,22490.0,,0.0
2023-10-30,22490.0,,0.0
2023-10-31,22490.0,,0.0
2023-11-01,21940.0,-550.0,-0.024455313472654505
2023-11-02,21940.0,,0.0
2023-11-03,21940.0,,0.0
2023-11-04,21940.0,,0.0
2023-11-05,21940.0,,0.0
2023-11-06,21940.0,,0.0
2023-11-07,21940.0,,0.0
2023-11-08,21940.0,,0.0
2023-11-09,21940.0,,0.0
2023-11-10,21940.0,,0.0
2023-11-11,21940.0,,0.0
2023-11-12,21940.0,,0.0
2023-11-13,20880.0,-1060.0,-0.04831358249772111
2023-11-14,20880.0,,0.0
2023-11-15,20880.0,,0.0
2023-11-16,20880.0,,0.0
2023-11-17,20880.0,,0.0
2023-11-18,20880.0,,0.0
2023-11-19,20880.0,,0.0
2023-11-20,20880.0,,0.0
2023-11-21,20880.0,,0.0
2023-11-22,20880.0,,0.0
2023-11-23,20280.0,-600.0,-0.028735632183908066
2023-11-24,20280.0,,0.0
2023-11-25,20280.0,,0.0
2023-11-26,20280.0,,0.0
2023-11-27,20280.0,,0.0
2023-11-28,20280.0,,0.0
2023-11-29,20280.0,,0.0
2023-11-30,20196.0,-84.0,-0.004142011834319503
2023-12-01,20196.0,,0.0
2023-12-02,20196.0,,0.0
2023-12-03,20196.0,,0.0
2023-12-04,20196.0,,0.0
2023-12-05,20196.0,,0.0
2023-12-06,20196.0,,0.0
2023-12-07,19720.0,-476.0,-0.023569023569023573
2023-12-08,19720.0,,0.0
2023-12-09,19720.0,,0.0
2023-12-10,19720.0,,0.0
2023-12-11,19720.0,,0.0
2023-12-12,19720.0,,0.0
2023-12-13,19720.0,,0.0
2023-12-14,19000.0,-720.0,-0.0365111561866126
2023-12-15,19000.0,,0.0
2023-12-16,19000.0,,0.0
2023-12-17,19000.0,,0.0
2023-12-18,19000.0,,0.0
2023-12-19,19000.0,,0.0
2023-12-20,19000.0,,0.0
2023-12-21,19524.0,524.0,0.027578947368421147
2023-12-22,19524.0,,0.0
2023-12-23,19524.0,,0.0
2023-12-24,19524.0,,0.0
2023-12-25,19524.0,,0.0
2023-12-26,19524.0,,0.0
2023-12-27,19524.0,,0.0
2023-12-28,19780.0,256.0,0.013112067199344324
2023-12-29,19780.0,,0.0
2023-12-30,19780.0,,0.0
2023-12-31,19780.0,,0.0
2024-01-01,19780.0,,0.0
2024-01-02,19780.0,,0.0
2024-01-03,19780.0,,0.0
2024-01-04,19368.0,-412.0,-0.020829120323559103
2024-01-05,19368.0,,0.0
2024-01-06,19368.0,,0.0
2024-01-07,19368.0,,0.0
2024-01-08,19368.0,,0.0
2024-01-09,19368.0,,0.0
2024-01-10,19368.0,,0.0
2024-01-11,19700.0,332.0,0.017141676992978194
2024-01-12,19700.0,,0.0
2024-01-13,19700.0,,0.0
2024-01-14,19700.0,,0.0
2024-01-15,19700.0,,0.0
2024-01-16,19700.0,,0.0
2024-01-17,19700.0,,0.0
2024-01-18,20194.0,494.0,0.025076142131979617
2024-01-19,20194.0,,0.0
2024-01-20,20194.0,,0.0
2024-01-21,20194.0,,0.0
2024-01-22,20194.0,,0.0
2024-01-23,20194.0,,0.0
2024-01-24,20194.0,,0.0
2024-01-25,20370.0,176.0,0.008715460037634903
2024-01-26,20370.0,,0.0
2024-01-27,20370.0,,0.0
2024-01-28,20370.0,,0.0
2024-01-29,20370.0,,0.0
2024-01-30,20370.0,,0.0
2024-01-31,20370.0,,0.0
2024-02-01,20990.0,620.0,0.03043691703485507
2024-02-02,20990.0,,0.0
2024-02-03,20990.0,,0.0
2024-02-04,20990.0,,0.0
2024-02-05,20990.0,,0.0
2024-02-06,20990.0,,0.0
2024-02-07,20990.0,,0.0
2024-02-08,20707.0,-283.0,-0.013482610767031944
2024-02-09,20707.0,,0.0
2024-02-10,20707.0,,0.0
2024-02-11,20707.0,,0.0
2024-02-12,20707.0,,0.0
2024-02-13,20707.0,,0.0
2024-02-14,20707.0,,0.0
2024-02-15,21361.0,654.0,0.0315835224803207
2024-02-16,21361.0,,0.0
2024-02-17,21361.0,,0.0
2024-02-18,21361.0,,0.0
2024-02-19,21361.0,,0.0
2024-02-20,21361.0,,0.0
2024-02-21,21361.0,,0.0
2024-02-22,20910.0,-451.0,-0.021113243761996192
2024-02-23,20910.0,,0.0
2024-02-24,20910.0,,0.0
2024-02-25,20910.0,,0.0
2024-02-26,20910.0,,0.0
2024-02-27,20910.0,,0.0
2024-02-28,20910.0,,0.0
2024-02-29,20770.0,-140.0,-0.006695361071257788
2024-03-01,20770.0,,0.0
2024-03-02,20770.0,,0.0
2024-03-03,20770.0,,0.0
2024-03-04,20770.0,,0.0
2024-03-05,20770.0,,0.0
2024-03-06,20770.0,,0.0
2024-03-07,20470.0,-300.0,-0.014443909484833872
2024-03-08,20470.0,,0.0
2024-03-09,20470.0,,0.0
2024-03-10,20470.0,,0.0
2024-03-11,20470.0,,0.0
2024-03-12,20470.0,,0.0
2024-03-13,20470.0,,0.0
2024-03-14,20540.0,70.0,0.0034196384953590897
2024-03-15,20540.0,,0.0
2024-03-16,20540.0,,0.0
2024-03-17,20540.0,,0.0
2024-03-18,20540.0,,0.0
2024-03-19,20540.0,,0.0
2024-03-20,20540.0,,0.0
2024-03-21,21014.0,474.0,0.023076923076922995
2024-03-22,21014.0,,0.0
2024-03-23,21014.0,,0.0
2024-03-24,21014.0,,0.0
2024-03-25,21014.0,,0.0
2024-03-26,21014.0,,0.0
2024-03-27,21014.0,,0.0
2024-03-28,20690.0,-324.0,-0.015418292566860226
2024-03-29,20690.0,,0.0
2024-03-30,20690.0,,0.0
2024-03-31,20690.0,,0.0
2024-04-01,20690.0,,0.0
2024-04-02,20690.0,,0.0
2024-04-03,20690.0,,0.0
2024-04-04,20980.0,290.0,0.014016433059448996
2024-04-05,20980.0,,0.0
2024-04-06,20980.0,,0.0
2024-04-07,20980.0,,0.0
2024-04-08,20980.0,,0.0
2024-04-09,20980.0,,0.0
2024-04-10,20980.0,,0.0
2024-04-11,21610.0,630.0,0.030028598665395645
2024-04-12,21610.0,,0.0
2024-04-13,21610.0,,0.0
2024-04-14,21610.0,,0.0
2024-04-15,21610.0,,0.0
2024-04-16,21610.0,,0.0
2024-04-17,21610.0,,0.0
2024-04-18,21440.0,-170.0,-0.007866728366497044
2024-04-19,21440.0,,0.0
2024-04-20,21440.0,,0.0
2024-04-21,21440.0,,0.0
2024-04-22,21440.0,,0.0
2024-04-23,21440.0,,0.0
2024-04-24,21440.0,,0.0
2024-04-25,20710.0,-730.0,-0.03404850746268662
2024-04-26,20710.0,,0.0
2024-04-27,20710.0,,0.0
2024-04-28,20710.0,,0.0
2024-04-29,20710.0,,0.0
2024-04-30,20710.0,,0.0
2024-05-01,20710.0,,0.0
2024-05-02,20600.0,-110.0,-0.005311443746982114
2024-05-03,20600.0,,0.0
2024-05-04,20600.0,,0.0
2024-05-05,20600.0,,0.0
2024-05-06,20600.0,,0.0
2024-05-07,20600.0,,0.0
2024-05-08,20600.0,,0.0
2024-05-09,19840.0,-760.0,-0.03689320388349515
2024-05-10,19840.0,,0.0
2024-05-11,19840.0,,0.0
2024-05-12,19840.0,,0.0
2024-05-13,19840.0,,0.0
2024-05-14,19840.0,,0.0
2024-05-15,19840.0,,0.0
2024-05-16,19870.0,30.0,0.0015120967741935054
2024-05-17,19870.0,,0.0
2024-05-18,19870.0,,0.0
2024-05-19,19870.0,,0.0
2024-05-20,19870.0,,0.0
2024-05-21,19870.0,,0.0
2024-05-22,19870.0,,0.0
2024-05-23,19837.0,-33.0,-0.0016607951685958522
2024-05-24,19837.0,,0.0
2024-05-25,19837.0,,0.0
2024-05-26,19837.0,,0.0
2024-05-27,19837.0,,0.0
2024-05-28,19837.0,,0.0
2024-05-29,19837.0,,0.0
2024-05-30,19747.0,-90.0,-0.004536976357312095
2024-05-31,19747.0,,0.0
2024-06-01,19747.0,,0.0
2024-06-02,19747.0,,0.0
2024-06-03,19747.0,,0.0
2024-06-04,19747.0,,0.0
2024-06-05,19747.0,,0.0
2024-06-06,19422.0,-325.0,-0.016458196181698526
2024-06-07,19422.0,,0.0
2024-06-08,19422.0,,0.0
2024-06-09,19422.0,,0.0
2024-06-10,19422.0,,0.0
2024-06-11,19422.0,,0.0
2024-06-12,19422.0,,0.0
2024-06-13,19640.0,218.0,0.011224384718360625
2024-06-14,19640.0,,0.0
2024-06-15,19640.0,,0.0
2024-06-16,19640.0,,0.0
2024-06-17,19640.0,,0.0
2024-06-18,19640.0,,0.0
2024-06-19,19640.0,,0.0
2024-06-20,20360.0,720.0,0.03665987780040725
2024-06-21,20360.0,,0.0
2024-06-22,20360.0,,0.0
2024-06-23,20360.0,,0.0
2024-06-24,20360.0,,0.0
2024-06-25,20360.0,,0.0
2024-06-26,20360.0,,0.0
2024-06-27,20680.0,320.0,0.015717092337917515
2024-06-28,20680.0,,0.0
2024-06-29,20680.0,,0.0
2024-06-30,20680.0,,0.0
2024-07-01,20680.0,,0.0
2024-07-02,20680.0,,0.0
2024-07-03,20680.0,,0.0
2024-07-04,21170.0,490.0,0.023694390715667257
2024-07-05,21170.0,,0.0
2024-07-06,21170.0,,0.0
2024-07-07,21170.0,,0.0
2024-07-08,21170.0,,0.0
2024-07-09,21170.0,,0.0
2024-07-10,21170.0,,0.0
2024-07-11,20830.0,-340.0,-0.01606046291922536
2024-07-12,20830.0,,0.0
2024-07-13,20830.0,,0.0
2024-07-14,20830.0,,0.0
2024-07-15,20830.0,,0.0
2024-07-16,20830.0,,0.0
2024-07-17,20830.0,,0.0
2024-07-18,20500.0,-330.0,-0.015842534805568853
2024-07-19,20500.0,,0.0
2024-07-20,20500.0,,0.0
2024-07-21,20500.0,,0.0
2024-07-22,20500.0,,0.0
2024-07-23,20500.0,,0.0
2024-07-24,20500.0,,0.0
2024-07-25,20190.0,-310.0,-0.015121951219512209
2024-07-26,20190.0,,0.0
2024-07-27,20190.0,,0.0
2024-07-28,20190.0,,0.0
2024-07-29,20190.0,,0.0
2024-07-30,20190.0,,0.0
2024-07-31,20190.0,,0.0
2024-08-01,19870.0,-320.0,-0.015849430411094656
2024-08-02,19870.0,,0.0
2024-08-03,19870.0,,0.0
2024-08-04,19870.0,,0.0
2024-08-05,19870.0,,0.0
2024-08-06,19870.0,,0.0
2024-08-07,19870.0,,0.0
2024-08-08,19140.0,-730.0,-0.03673880221439352
2024-08-09,19140.0,,0.0
2024-08-10,19140.0,,0.0
2024-08-11,19140.0,,0.0
2024-08-12,19140.0,,0.0
2024-08-13,19140.0,,0.0
2024-08-14,19140.0,,0.0
2024-08-15,19230.0,90.0,0.004702194357366851
2024-08-16,19230.0,,0.0
2024-08-17,19230.0,,0.0
2024-08-18,19230.0,,0.0
2024-08-19,19230.0,,0.0
2024-08-20,19230.0,,0.0
2024-08-21,19230.0,,0.0
2024-08-22,18770.0,-460.0,-0.023920956838273555
2024-08-23,18770.0,,0.0
2024-08-24,18770.0,,0.0
2024-08-25,18770.0,,0.0
2024-08-26,18770.0,,0.0
2024-08-27,18770.0,,0.0
2024-08-28,18770.0,,0.0
2024-08-29,18470.0,-300.0,-0.01598295151838036
2024-08-30,18470.0,,0.0
2024-08-31,18470.0,,0.0
2024-09-01,18470.0,,0.0
2024-09-02,18470.0,,0.0
2024-09-03,18470.0,,0.0
2024-09-04,18470.0,,0.0
2024-09-05,18090.0,-380.0,-0.02057390362750411
2024-09-06,18090.0,,0.0
2024-09-07,18090.0,,0.0
2024-09-08,18090.0,,0.0
2024-09-09,18090.0,,0.0
2024-09-10,18090.0,,0.0
2024-09-11,18090.0,,0.0
2024-09-12,17160.0,-930.0,-0.051409618573797666
2024-09-13,17160.0,,0.0
2024-09-14,17160.0,,0.0
2024-09-15,17160.0,,0.0
2024-09-16,17160.0,,0.0
2024-09-17,17160.0,,0.0
2024-09-18,17160.0,,0.0
2024-09-19,17040.0,-120.0,-0.006993006993006978
2024-09-20,17040.0,,0.0
2024-09-21,17040.0,,0.0
2024-09-22,17040.0,,0.0
2024-09-23,17040.0,,0.0
2024-09-24,17040.0,,0.0
2024-09-25,17040.0,,0.0
2024-09-26,17500.0,460.0,0.02699530516431925
2024-09-27,17500.0,,0.0
2024-09-28,17500.0,,0.0
2024-09-29,17500.0,,0.0
2024-09-30,17500.0,,0.0
2024-10-01,17500.0,,0.0
2024-10-02,17500.0,,0.0
2024-10-03,17400.0,-100.0,-0.005714285714285672
2024-10-04,17400.0,,0.0
2024-10-05,17400.0,,0.0
2024-10-06,17400.0,,0.0
2024-10-07,17400.0,,0.0
2024-10-08,17400.0,,0.0
2024-10-09,17400.0,,0.0
2024-10-10,18500.0,1100.0,0.06321839080459779
2024-10-11,18500.0,,0.0
2024-10-12,18500.0,,0.0
2024-10-13,18500.0,,0.0
2024-10-14,18500.0,,0.0
2024-10-15,18500.0,,0.0
2024-10-16,18500.0,,0.0
2024-10-17,18320.0,-180.0,-0.009729729729729741
2024-10-18,18320.0,,0.0
2024-10-19,18320.0,,0.0
2024-10-20,18320.0,,0.0
2024-10-21,18320.0,,0.0
2024-10-22,18320.0,,0.0
2024-10-23,18320.0,,0.0
2024-10-24,18050.0,-270.0,-0.014737991266375539
2024-10-25,18050.0,,0.0
2024-10-26,18050.0,,0.0
2024-10-27,18050.0,,0.0
2024-10-28,18050.0,,0.0
2024-10-29,18050.0,,0.0
2024-10-30,18050.0,,0.0
2024-10-31,18140.0,90.0,0.00498614958448762
2024-11-01,18140.0,,0.0
2024-11-02,18140.0,,0.0
2024-11-03,18140.0,,0.0
2024-11-04,18140.0,,0.0
2024-11-05,18140.0,,0.0
2024-11-06,18140.0,,0.0
2024-11-07,18910.0,770.0,0.04244762954796033
2024-11-08,18910.0,,0.0
2024-11-09,18910.0,,0.0
2024-11-10,18910.0,,0.0
2024-11-11,18910.0,,0.0
2024-11-12,18910.0,,0.0
2024-11-13,18910.0,,0.0
2024-11-14,18570.0,-340.0,-0.017979904812268632
2024-11-15,18570.0,,0.0
2024-11-16,18570.0,,0.0
2024-11-17,18570.0,,0.0
2024-11-18,18570.0,,0.0
2024-11-19,18570.0,,0.0
2024-11-20,18570.0,,0.0
2024-11-21,18500.0,-70.0,-0.003769520732364029
2024-11-22,18500.0,,0.0
2024-11-23,18500.0,,0.0
2024-11-24,18500.0,,0.0
2024-11-25,18500.0,,0.0
2024-11-26,18500.0,,0.0
2024-11-27,18500.0,,0.0
2024-11-28,18770.0,270.0,0.014594594594594668
2024-11-29,18770.0,,0.0
2024-11-30,18770.0,,0.0
2024-12-01,18770.0,,0.0
2024-12-02,18770.0,,0.0
2024-12-03,18770.0,,0.0
2024-12-04,18770.0,,0.0
2024-12-05,18380.0,-390.0,-0.02077783697389446
2024-12-06,18380.0,,0.0
2024-12-07,18380.0,,0.0
2024-12-08,18380.0,,0.0
2024-12-09,18380.0,,0.0
2024-12-10,18380.0,,0.0
2024-12-11,18380.0,,0.0
2024-12-12,18250.0,-130.0,-0.007072905331882429
2024-12-13,18250.0,,0.0
2024-12-14,18250.0,,0.0
2024-12-15,18250.0,,0.0
2024-12-16,18250.0,,0.0
2024-12-17,18250.0,,0.0
2024-12-18,18250.0,,0.0
2024-12-19,18730.0,480.0,0.02630136986301368
2024-12-20,18730.0,,0.0
2024-12-21,18730.0,,0.0
2024-12-22,18730.0,,0.0
2024-12-23,18730.0,,0.0
2024-12-24,18730.0,,0.0
2024-12-25,18730.0,,0.0
2024-12-26,18630.0,-100.0,-0.005339028296849957
2024-12-27,18630.0,,0.0
2024-12-28,18630.0,,0.0
2024-12-29,18630.0,,0.0
2024-12-30,18630.0,,0.0
2024-12-31,18630.0,,0.0
2025-01-01,18630.0,,0.0
2025-01-02,18750.0,120.0,0.006441223832528209
2025-01-03,18750.0,,0.0
2025-01-04,18750.0,,0.0
2025-01-05,18750.0,,0.0
2025-01-06,18750.0,,0.0
2025-01-07,18750.0,,0.0
2025-01-08,18750.0,,0.0
2025-01-09,19240.0,490.0,0.026133333333333342
2025-01-10,19240.0,,0.0
2025-01-11,19240.0,,0.0
2025-01-12,19240.0,,0.0
2025-01-13,19240.0,,0.0
2025-01-14,19240.0,,0.0
2025-01-15,19240.0,,0.0
2025-01-16,19780.0,540.0,0.028066528066527985
2025-01-17,19780.0,,0.0
2025-01-18,19780.0,,0.0
2025-01-19,19780.0,,0.0
2025-01-20,19780.0,,0.0
2025-01-21,19780.0,,0.0
2025-01-22,19780.0,,0.0
2025-01-23,20190.0,410.0,0.020728008088978678
2025-01-24,20190.0,,0.0
2025-01-25,20190.0,,0.0
2025-01-26,20190.0,,0.0
2025-01-27,20190.0,,0.0
2025-01-28,20190.0,,0.0
2025-01-29,20190.0,,0.0
2025-01-30,20190.0,,0.0
2025-01-31,20190.0,,0.0
2025-02-01,19240.0,-950.0,-0.04705299653293715
2025-02-02,19240.0,,0.0
2025-02-03,19240.0,,0.0
2025-02-04,19240.0,,0.0
2025-02-05,19240.0,,0.0
2025-02-06,19050.0,-190.0,-0.009875259875259834
2025-02-07,19050.0,,0.0
2025-02-08,19050.0,,0.0
2025-02-09,19050.0,,0.0
2025-02-10,19050.0,,0.0
2025-02-11,19050.0,,0.0
2025-02-12,19050.0,,0.0
2025-02-13,19070.0,20.0,0.0010498687664042272
2025-02-14,19070.0,,0.0
2025-02-15,19070.0,,0.0
2025-02-16,19070.0,,0.0
2025-02-17,19070.0,,0.0
2025-02-18,19070.0,,0.0
2025-02-19,19070.0,,0.0
2025-02-20,19060.0,-10.0,-0.000524383848977461
2025-02-21,19060.0,,0.0
2025-02-22,19060.0,,0.0
2025-02-23,19060.0,,0.0
2025-02-24,19060.0,,0.0
2025-02-25,19060.0,,0.0
2025-02-26,19060.0,,0.0
2025-02-27,18950.0,-110.0,-0.005771248688352548
2025-02-28,18950.0,,0.0
2025-03-01,18950.0,,0.0
2025-03-02,18950.0,,0.0
2025-03-03,18950.0,,0.0
2025-03-04,18950.0,,0.0
2025-03-05,18950.0,,0.0
2025-03-06,18330.0,-620.0,-0.032717678100263825
2025-03-07,18330.0,,0.0
2025-03-08,18330.0,,0.0
2025-03-09,18330.0,,0.0
2025-03-10,18330.0,,0.0
2025-03-11,18330.0,,0.0
2025-03-12,18330.0,,0.0
2025-03-13,17890.0,-440.0,-0.024004364429896397
2025-03-14,17890.0,,0.0
2025-03-15,17890.0,,0.0
2025-03-16,17890.0,,0.0
2025-03-17,17890.0,,0.0
2025-03-18,17890.0,,0.0
2025-03-19,17890.0,,0.0
2025-03-20,17890.0,0.0,0.0
2025-03-21,17890.0,,0.0
2025-03-22,17890.0,,0.0
2025-03-23,17890.0,,0.0
2025-03-24,17890.0,,0.0
2025-03-25,17890.0,,0.0
2025-03-26,17890.0,,0.0
2025-03-27,18210.0,320.0,0.01788708775852421
2025-03-28,18210.0,,0.0
2025-03-29,18210.0,,0.0
2025-03-30,18210.0,,0.0
2025-03-31,18210.0,,0.0
2025-04-01,18210.0,,0.0
2025-04-02,18210.0,,0.0
2025-04-03,18470.0,260.0,0.014277869302580903
2025-04-04,18470.0,,0.0
2025-04-05,18470.0,,0.0
2025-04-06,18470.0,,0.0
2025-04-07,18470.0,,0.0
2025-04-08,18470.0,,0.0
2025-04-09,18470.0,,0.0
2025-04-10,17240.0,-1230.0,-0.06659447753113157
2025-04-11,17240.0,,0.0
2025-04-12,17240.0,,0.0
2025-04-13,17240.0,,0.0
2025-04-14,17240.0,,0.0
2025-04-15,17240.0,,0.0
2025-04-16,17240.0,,0.0
2025-04-17,17030.0,-210.0,-0.012180974477958184
2025-04-18,17030.0,,0.0
2025-04-19,17030.0,,0.0
2025-04-20,17030.0,,0.0
2025-04-21,17030.0,,0.0
2025-04-22,17030.0,,0.0
2025-04-23,17030.0,,0.0
2025-04-24,17520.0,490.0,0.028772753963593578
2025-04-25,17520.0,,0.0
2025-04-26,17520.0,,0.0
2025-04-27,17520.0,,0.0
2025-04-28,17520.0,,0.0
2025-04-29,17520.0,,0.0
2025-04-30,17520.0,,0.0
2025-05-01,17520.0,,0.0
2025-05-02,17520.0,,0.0
2025-05-03,17520.0,,0.0
2025-05-04,17520.0,,0.0
2025-05-05,17350.0,-170.0,-0.009703196347031984
2025-05-06,17350.0,,0.0
2025-05-07,17350.0,,0.0
2025-05-08,16800.0,-550.0,-0.03170028818443804
2025-05-09,16800.0,,0.0
2025-05-10,16800.0,,0.0
2025-05-11,16800.0,,0.0
2025-05-12,16800.0,,0.0
2025-05-13,16800.0,,0.0
2025-05-14,16800.0,,0.0
2025-05-15,17220.0,420.0,0.02499999999999991
2025-05-16,17220.0,,0.0
2025-05-17,17220.0,,0.0
2025-05-18,17220.0,,0.0
2025-05-19,17220.0,,0.0
2025-05-20,17220.0,,0.0
2025-05-21,17220.0,,0.0
2025-05-22,17400.0,180.0,0.010452961672473782
2025-05-23,17400.0,,0.0
2025-05-24,17400.0,,0.0
2025-05-25,17400.0,,0.0
2025-05-26,17400.0,,0.0
2025-05-27,17400.0,,0.0
2025-05-28,17400.0,,0.0
2025-05-29,17130.0,-270.0,-0.01551724137931032
2025-05-30,17130.0,,0.0
2025-05-31,17130.0,,0.0
2025-06-01,17130.0,,0.0
2025-06-02,17130.0,,0.0
2025-06-03,17130.0,,0.0
2025-06-04,17130.0,,0.0
2025-06-05,17420.0,290.0,0.016929363689433652
2025-06-06,17420.0,,0.0
2025-06-07,17420.0,,0.0
2025-06-08,17420.0,,0.0
2025-06-09,17420.0,,0.0
2025-06-10,17420.0,,0.0
2025-06-11,17420.0,,0.0
2025-06-12,17700.0,280.0,0.016073478760045834
2025-06-13,17700.0,,0.0
2025-06-14,17700.0,,0.0
2025-06-15,17700.0,,0.0
2025-06-16,17700.0,,0.0
2025-06-17,17700.0,,0.0
2025-06-18,17700.0,,0.0
2025-06-19,19150.0,1450.0,0.08192090395480234
2025-06-20,19150.0,,0.0
2025-06-21,19150.0,,0.0
2025-06-22,19150.0,,0.0
2025-06-23,19150.0,,0.0
2025-06-24,19150.0,,0.0
2025-06-25,19150.0,,0.0
2025-06-26,19340.0,190.0,0.00992167101827679
2025-06-27,19340.0,,0.0
2025-06-28,19340.0,,0.0
2025-06-29,19340.0,,0.0
2025-06-30,19340.0,,0.0
2025-07-01,19340.0,,0.0
2025-07-02,19340.0,,0.0
2025-07-03,18400.0,-940.0,-0.04860392967942084
2025-07-04,18400.0,,0.0
2025-07-05,18400.0,,0.0
2025-07-06,18400.0,,0.0
2025-07-07,18400.0,,0.0
2025-07-08,18400.0,,0.0
2025-07-09,18400.0,,0.0
2025-07-10,18830.0,430.0,0.023369565217391308
2025-07-11,18830.0,,0.0
2025-07-12,18830.0,,0.0
2025-07-13,18830.0,,0.0
2025-07-14,18830.0,,0.0
2025-07-15,18830.0,,0.0
2025-07-16,18830.0,,0.0
2025-07-17,18790.0,-40.0,-0.0021242697822623224
2025-07-18,18790.0,,0.0
2025-07-19,18790.0,,0.0
2025-07-20,18790.0,,0.0
2025-07-21,18790.0,,0.0
2025-07-22,18790.0,,0.0
2025-07-23,18790.0,,0.0
2025-07-24,19120.0,330.0,0.01756253326237367
2025-07-25,19120.0,,0.0
2025-07-26,19120.0,,0.0
2025-07-27,19120.0,,0.0
2025-07-28,19120.0,,0.0
2025-07-29,19120.0,,0.0
2025-07-30,19120.0,,0.0
2025-07-31,19060.0,-60.0,-0.003138075313807498
2025-08-01,19060.0,,0.0
2025-08-02,19060.0,,0.0
2025-08-03,19060.0,,0.0
2025-08-04,19060.0,,0.0
2025-08-05,19060.0,,0.0
2025-08-06,19060.0,,0.0
2025-08-07,18800.0,-260.0,-0.01364113326337879
2025-08-08,18800.0,,0.0
2025-08-09,18800.0,,0.0
2025-08-10,18800.0,,0.0
2025-08-11,18800.0,,0.0
2025-08-12,18800.0,,0.0
2025-08-13,18800.0,,0.0
2025-08-14,18070.0,-730.0,-0.03882978723404251
2025-08-15,18070.0,,0.0
2025-08-16,18070.0,,0.0
2025-08-17,18070.0,,0.0
2025-08-18,18070.0,,0.0
2025-08-19,18070.0,,0.0
2025-08-20,18070.0,,0.0
2025-08-21,17900.0,-170.0,-0.009407858328721597
2025-08-22,17900.0,,0.0
2025-08-23,17900.0,,0.0
2025-08-24,17900.0,,0.0
2025-08-25,17900.0,,0.0
2025-08-26,17900.0,,0.0
2025-08-27,17900.0,,0.0
2025-08-28,18350.0,450.0,0.025139664804469275
2025-08-29,18350.0,,0.0
2025-08-30,18350.0,,0.0
2025-08-31,18350.0,,0.0
2025-09-01,18350.0,,0.0
2025-09-02,18350.0,,0.0
2025-09-03,18350.0,,0.0
2025-09-04,18470.0,120.0,0.006539509536784838
2025-09-05,18470.0,,0.0
2025-09-06,18470.0,,0.0
2025-09-07,18470.0,,0.0
2025-09-08,18470.0,,0.0
2025-09-09,18470.0,,0.0
2025-09-10,18470.0,,0.0
2025-09-11,18640.0,170.0,0.00920411478072558
2025-09-12,18640.0,,0.0
2025-09-13,18640.0,,0.0
2025-09-14,18640.0,,0.0
2025-09-15,18640.0,,0.0
2025-09-16,18640.0,,0.0
2025-09-17,18640.0,,0.0
2025-09-18,18700.0,60.0,0.0032188841201716833
2025-09-19,18700.0,,0.0
2025-09-20,18700.0,,0.0
2025-09-21,18700.0,,0.0
2025-09-22,18700.0,,0.0
2025-09-23,18700.0,,0.0
2025-09-24,18700.0,,0.0
2025-09-25,18650.0,-50.0,-0.002673796791443861
2025-09-26,18650.0,,0.0
2025-09-27,18650.0,,0.0
2025-09-28,18650.0,,0.0
2025-09-29,18650.0,,0.0
2025-09-30,18650.0,,0.0
2025-10-01,18650.0,,0.0
2025-10-02,19030.0,380.0,0.02037533512064349
2025-10-03,19030.0,,0.0
2025-10-04,19030.0,,0.0
2025-10-05,19030.0,,0.0
2025-10-06,19030.0,,0.0
2025-10-07,19030.0,,0.0
2025-10-08,19030.0,,0.0
2025-10-09,18600.0,-430.0,-0.022595901208617986
2025-10-10,18600.0,,0.0
2025-10-11,18600.0,,0.0
2025-10-12,18600.0,,0.0
2025-10-13,18600.0,,0.0
2025-10-14,18600.0,,0.0
2025-10-15,18600.0,,0.0
2025-10-16,18420.0,-180.0,-0.009677419354838679
2025-10-17,18420.0,,0.0
2025-10-18,18420.0,,0.0
2025-10-19,18420.0,,0.0
2025-10-20,18420.0,,0.0
2025-10-21,18420.0,,0.0
2025-10-22,18420.0,,0.0
2025-10-23,17880.0,-540.0,-0.02931596091205213
2025-10-24,17880.0,,0.0
2025-10-25,17880.0,,0.0
2025-10-26,17880.0,,0.0
2025-10-27,17880.0,,0.0
2025-10-28,17880.0,,0.0
2025-10-29,17880.0,,0.0
2025-10-30,19200.0,1320.0,0.0738255033557047
2025-10-31,19200.0,,0.0
2025-11-01,19200.0,,0.0
2025-11-02,19200.0,,0.0
2025-11-03,19200.0,,0.0
2025-11-04,19200.0,,0.0
2025-11-05,19200.0,,0.0
2025-11-06,19320.0,120.0,0.006250000000000089
2025-11-07,19320.0,,0.0
2025-11-08,19320.0,,0.0
2025-11-09,19320.0,,0.0
2025-11-10,19320.0,,0.0
2025-11-11,19320.0,,0.0
2025-11-12,19320.0,,0.0
2025-11-13,19860.0,540.0,0.02795031055900621
2025-11-14,19860.0,,0.0
2025-11-15,19860.0,,0.0
2025-11-16,19860.0,,0.0
2025-11-17,19860.0,,0.0
2025-11-18,19860.0,,0.0
2025-11-19,19860.0,,0.0
2025-11-20,19820.0,-40.0,-0.002014098690835797
2025-11-21,19820.0,,0.0
2025-11-22,19820.0,,0.0
2025-11-23,19820.0,,0.0
2025-11-24,19820.0,,0.0
2025-11-25,19820.0,,0.0
2025-11-26,19820.0,,0.0
2025-11-27,18800.0,-1020.0,-0.05146316851664989
2025-11-28,18800.0,,0.0
2025-11-29,18800.0,,0.0
2025-11-30,18800.0,,0.0
2025-12-01,18800.0,,0.0
2025-12-02,18800.0,,0.0
2025-12-03,18800.0,,0.0
2025-12-04,18380.0,-420.0,-0.022340425531914843
2025-12-05,18380.0,,0.0
2025-12-06,18380.0,,0.0
2025-12-07,18380.0,,0.0
2025-12-08,18380.0,,0.0
2025-12-09,18380.0,,0.0
2025-12-10,18380.0,,0.0
2025-12-11,18150.0,-230.0,-0.012513601741022895
2025-12-12,18150.0,,0.0
2025-12-13,18150.0,,0.0
2025-12-14,18150.0,,0.0
2025-12-15,18150.0,,0.0
2025-12-16,18150.0,,0.0
2025-12-17,18150.0,,0.0
2025-12-18,17470.0,-680.0,-0.03746556473829199
2025-12-19,17470.0,,0.0
2025-12-20,17470.0,,0.0
2025-12-21,17470.0,,0.0
2025-12-22,17470.0,,0.0
2025-12-23,17470.0,,0.0
2025-12-24,17470.0,,0.0
2025-12-25,17250.0,-220.0,-0.012593016599885543
2025-12-26,17250.0,,0.0
2025-12-27,17250.0,,0.0
2025-12-28,17250.0,,0.0
2025-12-29,17250.0,,0.0
2025-12-30,17250.0,,0.0
2025-12-31,17250.0,0.0,0.0
2026-01-01,17250.0,,0.0
2026-01-02,17250.0,,0.0
2026-01-03,17250.0,,0.0
2026-01-04,17250.0,,0.0
2026-01-05,17250.0,,0.0
2026-01-06,17250.0,,0.0
2026-01-07,17250.0,,0.0
2026-01-08,17060.0,-190.0,-0.011014492753623206
2026-01-09,17060.0,,0.0
2026-01-10,17060.0,,0.0
2026-01-11,17060.0,,0.0
2026-01-12,17060.0,,0.0
2026-01-13,17060.0,,0.0
2026-01-14,17060.0,,0.0
2026-01-15,17280.0,220.0,0.01289566236811246
2026-01-16,17280.0,,0.0
2026-01-17,17280.0,,0.0
2026-01-18,17280.0,,0.0
2026-01-19,17280.0,,0.0
2026-01-20,17280.0,,0.0
2026-01-21,17280.0,,0.0
2026-01-22,17700.0,420.0,0.02430555555555558
2026-01-23,17700.0,,0.0
2026-01-24,17700.0,,0.0
2026-01-25,17700.0,,0.0
2026-01-26,17700.0,,0.0
2026-01-27,17700.0,,0.0
2026-01-28,17700.0,,0.0
2026-01-29,18170.0,470.0,0.02655367231638417
2026-01-30,18170.0,,0.0
2026-01-31,18170.0,,0.0
2026-02-01,18170.0,,0.0
2026-02-02,18170.0,,0.0
2026-02-03,18170.0,,0.0
2026-02-04,18170.0,,0.0
2026-02-05,18450.0,280.0,0.015410016510732039
2026-02-06,18450.0,,0.0
2026-02-07,18450.0,,0.0
2026-02-08,18450.0,,0.0
2026-02-09,18450.0,,0.0
2026-02-10,18450.0,,0.0
2026-02-11,18450.0,,0.0
2026-02-12,18460.0,10.0,0.0005420054200542257
2026-02-13,18460.0,,0.0
2026-02-14,18460.0,,0.0
2026-02-15,18460.0,,0.0
2026-02-16,18460.0,,0.0
2026-02-17,18460.0,,0.0
2026-02-18,18460.0,,0.0
2026-02-19,18460.0,,0.0
2026-02-20,18520.0,60.0,0.003250270855904569
2026-02-21,18520.0,,0.0
2026-02-22,18520.0,,0.0
2026-02-23,18520.0,,0.0
2026-02-24,18520.0,,0.0
2026-02-25,18520.0,,0.0
2026-02-26,19270.0,750.0,0.040496760259179254
2026-02-27,19270.0,,0.0
2026-02-28,19270.0,,0.0
2026-03-01,19270.0,,0.0
2026-03-02,19270.0,,0.0
2026-03-03,19270.0,,0.0
2026-03-04,19270.0,,0.0
2026-03-05,23030.0,3760.0,0.19512195121951215
2026-03-06,23030.0,,0.0
2026-03-07,30230.0,7200.0,0.3126356925749023
2026-03-08,30230.0,,0.0
2026-03-09,30230.0,,0.0
2026-03-10,30230.0,,0.0
2026-03-11,26470.0,-4240.0,-0.12437975521005629
2026-03-12,27020.0,550.0,0.02077823951643376
2026-03-13,27020.0,,0.0
2026-03-14,27020.0,,0.0
2026-03-15,27020.0,,0.0
2026-03-16,27020.0,,0.0
2026-03-17,27020.0,,0.0
2026-03-18,27020.0,,0.0
2026-03-19,33420.0,6400.0,0.2368615840118431
2026-03-20,33420.0,,0.0
2026-03-21,33420.0,,0.0
2026-03-22,33420.0,,0.0
2026-03-23,33420.0,,0.0
2026-03-24,39660.0,6240.0,0.18671454219030514
2026-03-25,37890.0,-1770.0,-0.044629349470499236
2026-03-26,37890.0,,0.0
2026-03-27,35440.0,-2450.0,-0.06466086038532592
2026-03-28,35440.0,,0.0
2026-03-29,35440.0,,0.0
2026-03-30,35440.0,,0.0
2026-03-31,35440.0,,0.0
2026-04-01,35440.0,,0.0
2026-04-02,40820.0,5380.0,0.15180586907449212
2026-04-03,44780.0,3960.0,0.09701126898579138
2026-04-04,44780.0,,0.0
2026-04-05,44780.0,,0.0
2026-04-06,44780.0,,0.0
2026-04-07,44780.0,,0.0
2026-04-08,42840.0,-1940.0,-0.04332291201429206
2026-04-09,32960.0,-9880.0,-0.23062558356676
2026-04-10,32960.0,,0.0
2026-04-11,32960.0,,0.0
2026-04-12,32960.0,,0.0
2026-04-13,32960.0,,0.0
2026-04-14,32960.0,,0.0
2026-04-15,32960.0,,0.0
2026-04-16,31040.0,-1920.0,-0.058252427184465994
2026-04-17,31040.0,,0.0
2026-04-18,31040.0,,0.0
2026-04-19,31040.0,,0.0
2026-04-20,31040.0,,0.0
2026-04-21,27850.0,-3190.0,-0.102770618556701
2026-04-22,27850.0,,0.0
2026-04-23,26690.0,-1160.0,-0.04165170556552966
2026-04-24,26690.0,,0.0
2026-04-25,26690.0,,0.0
2026-04-26,26690.0,,0.0
2026-04-27,26690.0,,0.0
2026-04-28,26690.0,,0.0
2026-04-29,28170.0,1480.0,0.05545147995503941
2026-04-30,28170.0,,0.0
2026-05-01,28170.0,,0.0
2026-05-02,28170.0,,0.0
2026-05-03,28170.0,,0.0
2026-05-04,28170.0,,0.0
2026-05-05,28170.0,,0.0
2026-05-06,28170.0,,0.0
2026-05-07,27490.0,-680.0,-0.024139155129570433
2026-05-08,27490.0,,0.0
2026-05-09,27490.0,,0.0
2026-05-10,27490.0,,0.0
2026-05-11,27490.0,,0.0
2026-05-12,27490.0,,0.0
2026-05-13,27490.0,,0.0
2026-05-14,27220.0,-270.0,-0.009821753364859909
2026-05-15,27220.0,,0.0
2026-05-16,27220.0,,0.0
2026-05-17,27220.0,,0.0
2026-05-18,27220.0,,0.0
2026-05-19,27220.0,,0.0
2026-05-20,27220.0,,0.0
2026-05-21,28760.0,1540.0,0.0565760470242469
2026-05-22,28760.0,,0.0
2026-05-23,28760.0,,0.0
2026-05-24,28760.0,,0.0
2026-05-25,28760.0,,0.0
2026-05-26,28760.0,,0.0
2026-05-27,28760.0,,0.0
2026-05-28,27650.0,-1110.0,-0.03859527121001394
