ngay_ky,gio,mat_hang,gia,chenh_lech
2018-08-22,,"DO_0,005S",17730,0
2018-08-22,,"DO_0,05S",17680,0
2018-08-22,,E5_RON92,19610,0
2018-08-22,,KO,16260,0
2018-08-22,,RON95,21370,0
2018-09-06,,"DO_0,005S",18110,380
2018-09-06,,"DO_0,05S",18060,380
2018-09-06,,E5_RON92,19910,300
2018-09-06,,KO,16550,290
2018-09-06,,RON95,21670,300
2018-09-21,,"DO_0,005S",18170,60
2018-09-21,,"DO_0,05S",18120,60
2018-09-21,,E5_RON92,20230,320
2018-09-21,,KO,16680,130
2018-09-21,,RON95,21970,300
2018-10-06,,"DO_0,005S",18660,490
2018-10-06,,"DO_0,05S",18610,490
2018-10-06,,E5_RON92,20900,670
2018-10-06,,KO,17080,400
2018-10-06,,RON95,22540,570
2018-10-22,,"DO_0,005S",18660,0
2018-10-22,,"DO_0,05S",18610,0
2018-10-22,,E5_RON92,20680,-220
2018-10-22,,KO,17080,0
2018-10-22,,RON95,22400,-140
2018-11-06,,"DO_0,005S",18590,-70
2018-11-06,,"DO_0,05S",18540,-70
2018-11-06,,E5_RON92,19600,-1080
2018-11-06,,KO,17080,0
2018-11-06,,RON95,21260,-1140
2018-11-21,,"DO_0,005S",17680,-910
2018-11-21,,"DO_0,05S",17630,-910
2018-11-21,,E5_RON92,18620,-980
2018-11-21,,KO,16240,-840
2018-11-21,,RON95,20170,-1090
2018-12-06,,"DO_0,005S",16300,-1380
2018-12-06,,"DO_0,05S",16250,-1380
2018-12-06,,E5_RON92,17180,-1440
2018-12-06,,KO,15250,-990
2018-12-06,,RON95,18650,-1520
2018-12-21,,"DO_0,005S",16050,-250
2018-12-21,,"DO_0,05S",16000,-250
2018-12-21,,E5_RON92,16780,-400
2018-12-21,,KO,15000,-250
2018-12-21,,RON95,18340,-310
2019-01-01,,"DO_0,005S",14950,-1100
2019-01-01,,"DO_0,05S",14900,-1100
2019-01-01,,E5_RON92,16270,-510
2019-01-01,,KO,14180,-820
2019-01-01,,RON95,17800,-540
2019-01-16,,"DO_0,05S",14900,0
2019-01-16,,E5_RON92,16270,0
2019-01-16,,KO,14180,0
2019-01-16,,RON95,17600,0
2019-01-31,,"DO_0,05S",14900,0
2019-01-31,,E5_RON92,16270,0
2019-01-31,,KO,14180,0
2019-01-31,,RON95,17600,0
2019-02-15,,"DO_0,05S",14900,0
2019-02-15,,E5_RON92,16270,0
2019-02-15,,KO,14180,0
2019-02-15,,RON95,17600,0
2019-03-02,,"DO_0,05S",15860,960
2019-03-02,,E5_RON92,17210,940
2019-03-02,,KO,14880,700
2019-03-02,,RON95,18540,940
2019-03-18,,"DO_0,05S",15860,0
2019-03-18,,E5_RON92,17210,0
2019-03-18,,KO,14880,0
2019-03-18,,RON95,18540,0
2019-04-02,,"DO_0,05S",17080,1220
2019-04-02,,E5_RON92,18580,1370
2019-04-02,,KO,15970,1090
2019-04-02,,RON95,20030,1490
2019-04-17,,"DO_0,05S",17380,300
2019-04-17,,E5_RON92,19700,1120
2019-04-17,,KO,16260,290
2019-04-17,,RON95,21230,1200
2019-05-02,,"DO_0,05S",17690,310
2019-05-02,,E5_RON92,20680,980
2019-05-02,,KO,16620,360
2019-05-02,,RON95,22190,960
2019-05-17,,"DO_0,05S",17610,-80
2019-05-17,,E5_RON92,20480,-200
2019-05-17,,KO,16420,-200
2019-05-17,,RON95,21590,-600
2019-06-01,,"DO_0,05S",17390,-220
2019-06-01,,E5_RON92,20210,-270
2019-06-01,,KO,16220,-200
2019-06-01,,RON95,21210,-380
2019-06-17,,"DO_0,05S",16650,-740
2019-06-17,,E5_RON92,19230,-980
2019-06-17,,KO,15610,-610
2019-06-17,,RON95,20130,-1080
2019-07-02,,"DO_0,05S",16940,290
2019-07-02,,E5_RON92,19650,420
2019-07-02,,KO,15930,320
2019-07-02,,RON95,20510,380
2019-07-17,,"DO_0,05S",16990,50
2019-07-17,,E5_RON92,20270,620
2019-07-17,,KO,15950,20
2019-07-17,,RON95,21230,720
2019-08-01,,"DO_0,05S",17020,30
2019-08-01,,E5_RON92,19900,-370
2019-08-01,,KO,15960,10
2019-08-01,,RON95,20910,-320
2019-08-16,,"DO_0,05S",16500,-520
2019-08-16,,E5_RON92,19350,-550
2019-08-16,,KO,15390,-570
2019-08-16,,RON95,20400,-510
2019-08-31,,"DO_0,05S",16330,-170
2019-08-31,,E5_RON92,19220,-130
2019-08-31,,KO,15320,-70
2019-08-31,,RON95,20230,-170
2019-09-16,,"DO_0,05S",16200,-130
2019-09-16,,E5_RON92,19110,-110
2019-09-16,,KO,15360,40
2019-09-16,,RON95,20140,-90
2019-10-01,,"DO_0,05S",16630,430
2019-10-01,,E5_RON92,19780,670
2019-10-01,,KO,15780,420
2019-10-01,,RON95,21060,920
2019-10-16,,"DO_0,05S",16220,-410
2019-10-16,,E5_RON92,19470,-310
2019-10-16,,KO,15250,-530
2019-10-16,,RON95,20790,-270
2019-10-31,,"DO_0,05S",16050,-170
2019-10-31,,E5_RON92,19250,-220
2019-10-31,,KO,15130,-120
2019-10-31,,RON95,20440,-350
2019-11-15,,"DO_0,05S",15960,-90
2019-11-15,,E5_RON92,19500,250
2019-11-15,,KO,14960,-170
2019-11-15,,RON95,20790,350
2019-11-30,,"DO_0,05S",15980,20
2019-11-30,,E5_RON92,19810,310
2019-11-30,,KO,14960,0
2019-11-30,,RON95,21070,280
2019-12-16,,"DO_0,05S",16060,80
2019-12-16,,E5_RON92,19720,-90
2019-12-16,,KO,15010,50
2019-12-16,,RON95,20880,-190
2019-12-31,,"DO_0,05S",16590,530
2019-12-31,,E5_RON92,19880,160
2019-12-31,,KO,15580,570
2019-12-31,,RON95,20990,110
2020-01-15,,"DO_0,05S",16540,-50
2020-01-15,,E5_RON92,19840,-40
2020-01-15,,KO,15530,-50
2020-01-15,,RON95,20910,-80
2020-01-30,,"DO_0,05S",16130,-410
2020-01-30,,E5_RON92,19260,-580
2020-01-30,,KO,15060,-470
2020-01-30,,RON95,20120,-790
2020-02-14,,"DO_0,05S",15170,-960
2020-02-14,,E5_RON92,18500,-760
2020-02-14,,KO,13950,-1110
2020-02-14,,RON95,19380,-740
2020-02-29,,"DO_0,05S",14780,-390
2020-02-29,,E5_RON92,18340,-160
2020-02-29,,KO,13670,-280
2020-02-29,,RON95,19120,-260
2020-03-15,,"DO_0,05S",13030,-1750
2020-03-15,,E5_RON92,16050,-2290
2020-03-15,,KO,11840,-1830
2020-03-15,,RON95,16810,-2310
2020-03-29,,"DO_0,05S",11250,-1780
2020-03-29,,E5_RON92,11950,-4100
2020-03-29,,KO,9140,-2700
2020-03-29,,RON95,12560,-4250
2020-04-13,,"DO_0,05S",10820,-430
2020-04-13,,E5_RON92,11340,-610
2020-04-13,,KO,8630,-510
2020-04-13,,RON95,11930,-630
2020-04-28,,"DO_0,05S",9940,-880
2020-04-28,,E5_RON92,10940,-400
2020-04-28,,KO,7960,-670
2020-04-28,,RON95,11630,-300
2020-05-13,,"DO_0,05S",9850,-90
2020-05-13,,E5_RON92,11520,580
2020-05-13,,KO,7880,-80
2020-05-13,,RON95,12230,600
2020-05-28,,"DO_0,05S",10740,890
2020-05-28,,E5_RON92,12400,880
2020-05-28,,KO,8750,870
2020-05-28,,RON95,13120,890
2020-06-12,,"DO_0,05S",11510,770
2020-06-12,,E5_RON92,13390,990
2020-06-12,,KO,9610,860
2020-06-12,,RON95,14080,960
2020-06-27,,"DO_0,05S",12110,600
2020-06-27,,E5_RON92,14250,860
2020-06-27,,KO,10030,420
2020-06-27,,RON95,14970,890
2020-07-13,,"DO_0,05S",12110,0
2020-07-13,,E5_RON92,14250,0
2020-07-13,,KO,10030,0
2020-07-13,,RON95,14970,0
2020-07-28,,"DO_0,05S",12390,280
2020-07-28,,E5_RON92,14400,150
2020-07-28,,KO,10270,240
2020-07-28,,RON95,14970,0
2020-08-12,,"DO_0,05S",12200,-190
2020-08-12,,E5_RON92,14400,0
2020-08-12,,KO,10200,-70
2020-08-12,,RON95,14920,-50
2020-08-27,,"DO_0,05S",11960,-240
2020-08-27,,E5_RON92,14400,0
2020-08-27,,KO,10120,-80
2020-08-27,,RON95,15110,190
2020-09-11,,"DO_0,05S",11510,-450
2020-09-11,,E5_RON92,14260,-140
2020-09-11,,KO,9590,-530
2020-09-11,,RON95,14980,-130
2020-09-26,,"DO_0,05S",11120,-390
2020-09-26,,E5_RON92,14210,-50
2020-09-26,,KO,9440,-150
2020-09-26,,RON95,14980,0
2020-10-12,,"DO_0,05S",11120,0
2020-10-12,,E5_RON92,14260,50
2020-10-12,,KO,9590,150
2020-10-12,,RON95,15120,140
2020-10-27,,"DO_0,05S",11210,90
2020-10-27,,E5_RON92,14100,-160
2020-10-27,,KO,9710,120
2020-10-27,,RON95,14940,-180
2020-11-11,,"DO_0,05S",10830,-380
2020-11-11,,E5_RON92,13880,-220
2020-11-11,,KO,9560,-150
2020-11-11,,RON95,14700,-240
2020-11-26,,"DO_0,05S",11430,600
2020-11-26,,E5_RON92,14490,610
2020-11-26,,KO,10130,570
2020-11-26,,RON95,15350,650
2020-12-11,,"DO_0,05S",11890,460
2020-12-11,,E5_RON92,15120,630
2020-12-11,,KO,10770,640
2020-12-11,,RON95,16000,650
2020-12-26,,"DO_0,05S",12370,480
2020-12-26,,E5_RON92,15510,390
2020-12-26,,KO,11180,410
2020-12-26,,RON95,16470,470
2021-01-11,,"DO_0,05S",12640,270
2021-01-11,,E5_RON92,15940,430
2021-01-11,,KO,11550,370
2021-01-11,,RON95,16930,460
2021-01-26,,"DO_0,05S",13040,400
2021-01-26,,E5_RON92,16300,360
2021-01-26,,KO,11900,350
2021-01-26,,RON95,17270,340
2021-02-10,,"DO_0,05S",13040,0
2021-02-10,,E5_RON92,16300,0
2021-02-10,,KO,11900,0
2021-02-10,,RON95,17270,0
2021-02-25,,"DO_0,05S",13840,800
2021-02-25,,E5_RON92,17030,730
2021-02-25,,KO,12610,710
2021-02-25,,RON95,18080,810
2021-03-12,,"DO_0,05S",14400,560
2021-03-12,,E5_RON92,17720,690
2021-03-12,,KO,13170,560
2021-03-12,,RON95,18880,800
2021-03-27,,"DO_0,05S",14240,-160
2021-03-27,,E5_RON92,17850,130
2021-03-27,,KO,13000,-170
2021-03-27,,RON95,19040,160
2021-04-12,,"DO_0,05S",14140,-100
2021-04-12,,E5_RON92,17800,-50
2021-04-12,,KO,12820,-180
2021-04-12,,RON95,18970,-70
2021-04-27,,"DO_0,05S",14320,180
2021-04-27,,E5_RON92,17980,180
2021-04-27,,KO,13250,430
2021-04-27,,RON95,19160,190
2021-05-12,,"DO_0,05S",14770,450
2021-05-12,,E5_RON92,18420,440
2021-05-12,,KO,13820,570
2021-05-12,,RON95,19530,370
2021-05-27,,"DO_0,05S",14770,0
2021-05-27,,E5_RON92,18420,0
2021-05-27,,KO,13820,0
2021-05-27,,RON95,19530,0
2021-06-11,,"DO_0,05S",15440,670
2021-06-11,,E5_RON92,19040,620
2021-06-11,,KO,14410,590
2021-06-11,,RON95,20160,630
2021-06-26,,"DO_0,05S",16110,670
2021-06-26,,E5_RON92,19760,720
2021-06-26,,KO,15050,640
2021-06-26,,RON95,20910,750
2021-07-12,,"DO_0,05S",16530,420
2021-07-12,,E5_RON92,20610,850
2021-07-12,,KO,15500,450
2021-07-12,,RON95,21780,870
2021-07-27,,"DO_0,05S",16370,-160
2021-07-27,,E5_RON92,20490,-120
2021-07-27,,KO,15390,-110
2021-07-27,,RON95,21680,-100
2021-08-11,,"DO_0,05S",16170,-200
2021-08-11,,E5_RON92,20490,0
2021-08-11,,KO,15170,-220
2021-08-11,,RON95,21680,0
2021-08-26,,"DO_0,05S",15660,-510
2021-08-26,,E5_RON92,19890,-600
2021-08-26,,KO,14760,-410
2021-08-26,,RON95,21130,-550
2021-09-10,,"DO_0,05S",16020,360
2021-09-10,,E5_RON92,20140,250
2021-09-10,,KO,15080,320
2021-09-10,,RON95,21390,260
2021-09-25,,"DO_0,05S",16580,560
2021-09-25,,E5_RON92,20710,570
2021-09-25,,KO,15640,560
2021-09-25,,RON95,21940,550
2021-10-11,,"DO_0,05S",17540,960
2021-10-11,,E5_RON92,21680,970
2021-10-11,,KO,16620,980
2021-10-11,,RON95,22870,930
2021-10-26,,"DO_0,05S",18710,1170
2021-10-26,,E5_RON92,23110,1430
2021-10-26,,KO,17630,1010
2021-10-26,,RON95,24330,1460
2021-11-10,,"DO_0,05S",18710,0
2021-11-10,,E5_RON92,23660,550
2021-11-10,,KO,17630,0
2021-11-10,,RON95,24990,660
2021-11-25,,"DO_0,05S",18380,-330
2021-11-25,,E5_RON92,22910,-750
2021-11-25,,KO,17190,-440
2021-11-25,,RON95,23900,-1090
2021-12-10,,"DO_0,05S",17330,-1050
2021-12-10,,E5_RON92,22080,-830
2021-12-10,,KO,16320,-870
2021-12-10,,RON95,22800,-1100
2021-12-25,,"DO_0,05S",17570,240
2021-12-25,,E5_RON92,22550,470
2021-12-25,,KO,16510,190
2021-12-25,,RON95,23290,490
2022-01-11,,"DO_0,05S",18230,660
2022-01-11,,E5_RON92,23150,600
2022-01-11,,KO,17130,620
2022-01-11,,RON95,23870,580
2022-01-21,,"DO_0,05S",18900,670
2022-01-21,,E5_RON92,23590,440
2022-01-21,,KO,17790,660
2022-01-21,,RON95,24360,490
2022-02-11,,"DO_0,05S",19860,960
2022-02-11,,E5_RON92,24570,980
2022-02-11,,KO,18750,960
2022-02-11,,RON95,25320,960
2022-02-21,,"DO_0,05S",20800,940
2022-02-21,,E5_RON92,25530,960
2022-02-21,,KO,19500,750
2022-02-21,,RON95,26280,960
2022-03-01,,"DO_0,05S",21310,510
2022-03-01,,E5_RON92,26070,540
2022-03-01,,KO,19970,470
2022-03-01,,RON95,26830,550
2022-03-11,,"DO_0,05S",25260,3950
2022-03-11,,E5_RON92,28980,2910
2022-03-11,,KO,23910,3940
2022-03-11,,RON95,29820,2990
2022-03-21,,"DO_0,05S",23630,-1630
2022-03-21,,E5_RON92,28330,-650
2022-03-21,,KO,22240,-1670
2022-03-21,,RON95,29190,-630
2022-04-01,,"DO_0,05S",25080,1450
2022-04-01,,E5_RON92,27300,-1030
2022-04-01,,KO,23760,1520
2022-04-01,,RON95,28150,-1040
2022-04-12,,"DO_0,05S",24380,-700
2022-04-12,,E5_RON92,26470,-830
2022-04-12,,KO,23020,-740
2022-04-12,,RON95,27310,-840
2022-04-21,,"DO_0,05S",25350,970
2022-04-21,,E5_RON92,27130,660
2022-04-21,,KO,23820,800
2022-04-21,,RON95,27990,680
2022-05-04,,"DO_0,05S",25530,180
2022-05-04,,E5_RON92,27460,330
2022-05-04,,KO,23820,0
2022-05-04,,RON95,28430,440
2022-05-11,,"DO_0,05S",26650,1120
2022-05-11,,E5_RON92,28950,1490
2022-05-11,,KO,25160,1340
2022-05-11,,RON95,29980,1550
2022-05-23,,"DO_0,05S",25550,-1100
2022-05-23,,E5_RON92,29630,680
2022-05-23,,KO,24400,-760
2022-05-23,,RON95,30650,670
2022-06-01,,"DO_0,05S",26390,840
2022-06-01,,E5_RON92,30230,600
2022-06-01,,KO,25340,940
2022-06-01,,RON95,31570,920
2022-06-13,,"DO_0,05S",29020,2630
2022-06-13,,E5_RON92,31110,880
2022-06-13,,KO,27830,2490
2022-06-13,,RON95,32370,800
2022-06-21,,"DO_0,05S",30010,990
2022-06-21,,E5_RON92,31300,190
2022-06-21,,KO,28780,950
2022-06-21,,RON95,32870,500
2022-07-01,,"DO_0,05S",29610,-400
2022-07-01,,E5_RON92,30890,-410
2022-07-01,,KO,28350,-430
2022-07-01,,RON95,32760,-110
2022-07-11,,"DO_0,05S",26590,-3020
2022-07-11,,E5_RON92,27780,-3110
2022-07-11,,KO,26340,-2010
2022-07-11,,RON95,29670,-3090
2022-07-21,,"DO_0,05S",24850,-1740
2022-07-21,,E5_RON92,25070,-2710
2022-07-21,,KO,25240,-1100
2022-07-21,,RON95,26070,-3600
2022-08-01,,"DO_0,05S",23900,-950
2022-08-01,,E5_RON92,24620,-450
2022-08-01,,KO,24530,-710
2022-08-01,,RON95,25600,-470
2022-08-11,,"DO_0,05S",22900,-1000
2022-08-11,,E5_RON92,23720,-900
2022-08-11,,KO,23320,-1210
2022-08-11,,RON95,24660,-940
2022-08-22,,"DO_0,05S",23750,850
2022-08-22,,E5_RON92,23720,0
2022-08-22,,KO,24050,730
2022-08-22,,RON95,24660,0
2022-09-05,,"DO_0,05S",25180,1430
2022-09-05,,E5_RON92,23350,-370
2022-09-05,,KO,25440,1390
2022-09-05,,RON95,24230,-430
2022-09-12,,"DO_0,05S",24180,-1000
2022-09-12,,E5_RON92,22230,-1120
2022-09-12,,KO,24410,-1030
2022-09-12,,RON95,23210,-1020
2022-09-21,,"DO_0,05S",22530,-1650
2022-09-21,,E5_RON92,21780,-450
2022-09-21,,KO,22440,-1970
2022-09-21,,RON95,22580,-630
2022-10-03,,"DO_0,05S",22200,-330
2022-10-03,,E5_RON92,20730,-1050
2022-10-03,,KO,21680,-760
2022-10-03,,RON95,21440,-1140
2022-10-11,,"DO_0,05S",24180,1980
2022-10-11,,E5_RON92,21290,560
2022-10-11,,KO,22820,1140
2022-10-11,,RON95,22000,560
2022-10-21,,"DO_0,05S",24780,600
2022-10-21,,E5_RON92,21490,200
2022-10-21,,KO,23660,840
2022-10-21,,RON95,22340,340
2022-11-01,,"DO_0,05S",25070,290
2022-11-01,,E5_RON92,21870,380
2022-11-01,,KO,23780,120
2022-11-01,,RON95,22750,410
2022-11-11,,"DO_0,05S",24980,-90
2022-11-11,,E5_RON92,22710,840
2022-11-11,,KO,24740,960
2022-11-11,,RON95,23860,1110
2022-11-21,,"DO_0,05S",24800,-180
2022-11-21,,E5_RON92,22670,-40
2022-11-21,,KO,24640,-100
2022-11-21,,RON95,23780,-80
2022-12-01,,"DO_0,05S",23210,-1590
2022-12-01,,E5_RON92,21670,-1000
2022-12-01,,KO,23560,-1080
2022-12-01,,RON95,22700,-1080
2022-12-12,,"DO_0,05S",21670,-1540
2022-12-12,,E5_RON92,20340,-1330
2022-12-12,,KO,21900,-1660
2022-12-12,,RON95,21200,-1500
2022-12-21,,"DO_0,05S",21600,-70
2022-12-21,,E5_RON92,19970,-370
2022-12-21,,KO,21830,-70
2022-12-21,,RON95,20700,-500
2023-01-01,,"DO_0,05S",22150,550
2023-01-01,,E5_RON92,21020,1050
2023-01-01,,KO,22160,330
2023-01-01,,RON95,21800,1100
2023-01-03,,"DO_0,05S",22150,0
2023-01-03,,E5_RON92,21350,330
2023-01-03,,KO,22760,600
2023-01-03,,RON95,22150,350
2023-01-11,,"DO_0,05S",21630,-520
2023-01-11,,E5_RON92,21350,0
2023-01-11,,KO,21800,-960
2023-01-11,,RON95,22150,0
2023-01-30,,"DO_0,05S",22520,890
2023-01-30,,E5_RON92,22320,970
2023-01-30,,KO,22570,770
2023-01-30,,RON95,23140,990
2023-02-13,,"DO_0,05S",21560,-960
2023-02-13,,E5_RON92,22860,540
2023-02-13,,KO,21590,-980
2023-02-13,,RON95,23760,620
2023-02-21,,"DO_0,05S",20800,-760
2023-02-21,,E5_RON92,22540,-320
2023-02-21,,KO,20840,-750
2023-02-21,,RON95,23440,-320
2023-03-01,,"DO_0,05S",20250,-550
2023-03-01,,E5_RON92,22420,-120
2023-03-01,,KO,20470,-370
2023-03-01,,RON95,23320,-120
2023-03-13,,"DO_0,05S",20500,250
2023-03-13,,E5_RON92,22800,380
2023-03-13,,KO,20710,240
2023-03-13,,RON95,23810,490
2023-03-21,,"DO_0,05S",19300,-1200
2023-03-21,,E5_RON92,22020,-780
2023-03-21,,KO,19460,-1250
2023-03-21,,RON95,23030,-780
2023-04-03,,"DO_0,05S",19430,130
2023-04-03,,E5_RON92,22080,60
2023-04-03,,KO,19030,-430
2023-04-03,,RON95,23120,90
2023-04-11,,"DO_0,05S",20140,710
2023-04-11,,E5_RON92,23170,1090
2023-04-11,,KO,19730,700
2023-04-11,,RON95,24240,1120
2023-04-21,,"DO_0,05S",19390,-750
2023-04-21,,E5_RON92,22680,-490
2023-04-21,,KO,19480,-250
2023-04-21,,RON95,23630,-610
2023-05-04,,"DO_0,05S",18250,-1140
2023-05-04,,E5_RON92,21430,-1250
2023-05-04,,KO,18520,-960
2023-05-04,,RON95,22320,-1310
2023-05-11,,"DO_0,05S",17653,-597
2023-05-11,,E5_RON92,20131,-1299
2023-05-11,,KO,17972,-548
2023-05-11,,RON95,21000,-1320
2023-05-22,,"DO_0,05S",17954,301
2023-05-22,,E5_RON92,20488,357
2023-05-22,,FO,15158,296
2023-05-22,,KO,17969,-3
2023-05-22,,RON95,21499,499
2023-06-01,,"DO_0,05S",17943,-11
2023-06-01,,E5_RON92,20878,390
2023-06-01,,FO,14883,-275
2023-06-01,,KO,17771,-198
2023-06-01,,RON95,22015,516
2023-06-12,,"DO_0,05S",18028,85
2023-06-12,,E5_RON92,20878,0
2023-06-12,,FO,14719,-164
2023-06-12,,KO,17823,52
2023-06-12,,RON95,22015,0
2023-06-21,,"DO_0,05S",18174,146
2023-06-21,,E5_RON92,20878,0
2023-06-21,,FO,14587,-132
2023-06-21,,KO,17956,133
2023-06-21,,RON95,22015,0
2023-07-03,,"DO_0,05S",18169,-5
2023-07-03,,E5_RON92,20470,-408
2023-07-03,,FO,14623,36
2023-07-03,,KO,17926,-30
2023-07-03,,RON95,21428,-587
2023-07-11,,"DO_0,05S",18616,447
2023-07-11,,E5_RON92,20419,-51
2023-07-11,,FO,15288,665
2023-07-11,,KO,18320,394
2023-07-11,,RON95,21497,69
2023-07-21,,"DO_0,05S",19500,884
2023-07-21,,E5_RON92,21639,1220
2023-07-21,,FO,15725,437
2023-07-21,,KO,19189,869
2023-07-21,,RON95,22792,1295
2023-08-01,,"DO_0,05S",20612,1112
2023-08-01,,E5_RON92,22791,1152
2023-08-01,,FO,16531,806
2023-08-01,,KO,20270,1081
2023-08-01,,RON95,23963,1171
2023-08-11,,"DO_0,05S",22425,1813
2023-08-11,,E5_RON92,22822,31
2023-08-11,,FO,17668,1137
2023-08-11,,KO,21889,1619
2023-08-11,,RON95,23993,30
2023-08-21,,"DO_0,05S",22354,-71
2023-08-21,,E5_RON92,23339,517
2023-08-21,,FO,17981,313
2023-08-21,,KO,22309,420
2023-08-21,,RON95,24601,608
2023-09-05,,"DO_0,05S",22640,286
2023-09-05,,E5_RON92,23470,131
2023-09-05,,FO,17700,-281
2023-09-05,,KO,22810,501
2023-09-05,,RON95,24870,269
2023-09-11,,"DO_0,05S",23055,415
2023-09-11,,E5_RON92,23470,0
2023-09-11,,FO,17700,0
2023-09-11,,KO,23190,380
2023-09-11,,RON95,24870,0
2023-09-21,,"DO_0,05S",23594,539
2023-09-21,,E5_RON92,24197,727
2023-09-21,,FO,17847,147
2023-09-21,,KO,23816,626
2023-09-21,,RON95,25748,878
2023-10-02,,"DO_0,05S",23594,0
2023-10-02,,E5_RON92,23500,-697
2023-10-02,,FO,17450,-397
2023-10-02,,KO,23820,4
2023-10-02,,RON95,24840,-908
2023-10-11,,"DO_0,05S",22410,-1184
2023-10-11,,E5_RON92,21910,-1590
2023-10-11,,FO,16240,-1210
2023-10-11,,KO,22460,-1360
2023-10-11,,RON95,23040,-1800
2023-10-23,,"DO_0,05S",22490,80
2023-10-23,,E5_RON92,22370,460
2023-10-23,,FO,16610,370
2023-10-23,,KO,22750,290
2023-10-23,,RON95,23510,470
2023-11-01,,"DO_0,05S",21940,-550
2023-11-01,,E5_RON92,22610,240
2023-11-01,,FO,16240,-370
2023-11-01,,KO,22305,-445
2023-11-01,,RON95,23930,420
2023-11-13,,"DO_0,05S",20880,-1060
2023-11-13,,E5_RON92,22270,-340
2023-11-13,,FO,15620,-620
2023-11-13,,KO,21510,-795
2023-11-13,,RON95,23530,-400
2023-11-23,,"DO_0,05S",20280,-600
2023-11-23,,E5_RON92,21690,-580
2023-11-23,,FO,15630,10
2023-11-23,,KO,20940,-570
2023-11-23,,RON95,23020,-510
2023-11-30,,"DO_0,05S",20196,-84
2023-11-30,,E5_RON92,21799,109
2023-11-30,,FO,15729,99
2023-11-30,,KO,21116,176
2023-11-30,,RON95,22990,-30
2023-12-07,,"DO_0,05S",19720,-476
2023-12-07,,E5_RON92,21290,-509
2023-12-07,,FO,15520,-209
2023-12-07,,KO,20920,-196
2023-12-07,,RON95,22320,-670
2023-12-14,,"DO_0,05S",19000,-720
2023-12-14,,E5_RON92,20510,-780
2023-12-14,,FO,14970,-550
2023-12-14,,KO,19960,-960
2023-12-14,,RON95,21400,-920
2023-12-21,,"DO_0,05S",19524,524
2023-12-21,,E5_RON92,21199,689
2023-12-21,,FO,15265,295
2023-12-21,,KO,20494,534
2023-12-21,,RON95,22145,745
2023-12-28,,"DO_0,05S",19780,256
2023-12-28,,E5_RON92,21180,-19
2023-12-28,,FO,15680,415
2023-12-28,,KO,20450,-44
2023-12-28,,RON95,22140,-5
2024-01-04,,"DO_0,05S",19368,-412
2024-01-04,,E5_RON92,21006,-174
2024-01-04,,FO,15495,-185
2024-01-04,,KO,19957,-493
2024-01-04,,RON95,21916,-224
2024-01-11,,"DO_0,05S",19700,332
2024-01-11,,E5_RON92,21040,34
2024-01-11,,FO,15810,315
2024-01-11,,KO,20300,343
2024-01-11,,RON95,21930,14
2024-01-18,,"DO_0,05S",20194,494
2024-01-18,,E5_RON92,21410,370
2024-01-18,,FO,15508,-302
2024-01-18,,KO,20536,236
2024-01-18,,RON95,22480,550
2024-01-25,,"DO_0,05S",20370,176
2024-01-25,,E5_RON92,22170,760
2024-01-25,,FO,15490,-18
2024-01-25,,KO,20540,4
2024-01-25,,RON95,23400,920
2024-02-01,,"DO_0,05S",20990,620
2024-02-01,,E5_RON92,22910,740
2024-02-01,,FO,16080,590
2024-02-01,,KO,20920,380
2024-02-01,,RON95,24160,760
2024-02-08,,"DO_0,05S",20707,-283
2024-02-08,,E5_RON92,22120,-790
2024-02-08,,FO,15598,-482
2024-02-08,,KO,20588,-332
2024-02-08,,RON95,23262,-898
2024-02-15,,"DO_0,05S",21361,654
2024-02-15,,E5_RON92,22831,711
2024-02-15,,FO,15906,308
2024-02-15,,KO,21221,633
2024-02-15,,RON95,23919,657
2024-02-22,,"DO_0,05S",20910,-451
2024-02-22,,E5_RON92,22475,-356
2024-02-22,,FO,15929,23
2024-02-22,,KO,20921,-300
2024-02-22,,RON95,23599,-320
2024-02-29,,"DO_0,05S",20770,-140
2024-02-29,,E5_RON92,22750,275
2024-02-29,,FO,15950,21
2024-02-29,,KO,20780,-141
2024-02-29,,RON95,23920,321
2024-03-07,,"DO_0,05S",20470,-300
2024-03-07,,E5_RON92,22510,-240
2024-03-07,,FO,16130,180
2024-03-07,,KO,20470,-310
2024-03-07,,RON95,23550,-370
2024-03-14,,"DO_0,05S",20540,70
2024-03-14,,E5_RON92,22490,-20
2024-03-14,,FO,16430,300
2024-03-14,,KO,20700,230
2024-03-14,,RON95,23540,-10
2024-03-21,,"DO_0,05S",21014,474
2024-03-21,,E5_RON92,23219,729
2024-03-21,,FO,17099,669
2024-03-21,,KO,21266,566
2024-03-21,,RON95,24284,744
2024-03-28,,"DO_0,05S",20690,-324
2024-03-28,,E5_RON92,23620,401
2024-03-28,,FO,17140,41
2024-03-28,,KO,20870,-396
2024-03-28,,RON95,24810,526
2024-04-04,,"DO_0,05S",20980,290
2024-04-04,,E5_RON92,23910,290
2024-04-04,,FO,17290,150
2024-04-04,,KO,21010,140
2024-04-04,,RON95,24800,-10
2024-04-11,,"DO_0,05S",21610,630
2024-04-11,,E5_RON92,23848,-62
2024-04-11,,FO,17008,-282
2024-04-11,,KO,21594,584
2024-04-11,,RON95,24821,21
2024-04-18,,"DO_0,05S",21440,-170
2024-04-18,,E5_RON92,24220,372
2024-04-18,,FO,17200,192
2024-04-18,,KO,21410,-184
2024-04-18,,RON95,25230,409
2024-04-25,,"DO_0,05S",20710,-730
2024-04-25,,E5_RON92,23910,-310
2024-04-25,,FO,17400,200
2024-04-25,,KO,20680,-730
2024-04-25,,RON95,24910,-320
2024-05-02,,"DO_0,05S",20600,-110
2024-05-02,,E5_RON92,23910,0
2024-05-02,,FO,17660,260
2024-05-02,,KO,20540,-140
2024-05-02,,RON95,24950,40
2024-05-09,,"DO_0,05S",19840,-760
2024-05-09,,E5_RON92,22620,-1290
2024-05-09,,FO,17500,-160
2024-05-09,,KO,19700,-840
2024-05-09,,RON95,23540,-1410
2024-05-16,,"DO_0,05S",19870,30
2024-05-16,,E5_RON92,22110,-510
2024-05-16,,FO,17410,-90
2024-05-16,,KO,19900,200
2024-05-16,,RON95,23130,-410
2024-05-23,,"DO_0,05S",19837,-33
2024-05-23,,E5_RON92,22277,167
2024-05-23,,FO,17513,103
2024-05-23,,KO,19902,2
2024-05-23,,RON95,23213,83
2024-05-30,,"DO_0,05S",19747,-90
2024-05-30,,E5_RON92,21759,-518
2024-05-30,,FO,17538,25
2024-05-30,,KO,19931,29
2024-05-30,,RON95,22519,-694
2024-06-06,,"DO_0,05S",19422,-325
2024-06-06,,E5_RON92,21141,-618
2024-06-06,,FO,17285,-253
2024-06-06,,KO,19557,-374
2024-06-06,,RON95,21977,-542
2024-06-13,,"DO_0,05S",19640,218
2024-06-13,,E5_RON92,21310,169
2024-06-13,,FO,16880,-405
2024-06-13,,KO,19850,293
2024-06-13,,RON95,22230,253
2024-06-20,,"DO_0,05S",20360,720
2024-06-20,,E5_RON92,21500,190
2024-06-20,,FO,17220,340
2024-06-20,,KO,20350,500
2024-06-20,,RON95,22460,230
2024-06-27,,"DO_0,05S",20680,320
2024-06-27,,E5_RON92,22010,510
2024-06-27,,FO,17440,220
2024-06-27,,KO,20610,260
2024-06-27,,RON95,23010,550
2024-07-04,,"DO_0,05S",21170,490
2024-07-04,,E5_RON92,22460,450
2024-07-04,,FO,17530,90
2024-07-04,,KO,21210,600
2024-07-04,,RON95,23550,540
2024-07-11,,"DO_0,05S",20830,-340
2024-07-11,,E5_RON92,22280,-180
2024-07-11,,FO,17780,250
2024-07-11,,KO,21030,-180
2024-07-11,,RON95,23290,-260
2024-07-18,,"DO_0,05S",20500,-330
2024-07-18,,E5_RON92,22170,-110
2024-07-18,,FO,17610,-170
2024-07-18,,KO,20660,-370
2024-07-18,,RON95,23170,-120
2024-07-25,,"DO_0,05S",20190,-310
2024-07-25,,E5_RON92,21900,-270
2024-07-25,,FO,17170,-440
2024-07-25,,KO,20320,-340
2024-07-25,,RON95,22880,-290
2024-08-01,,"DO_0,05S",19870,-320
2024-08-01,,E5_RON92,21610,-290
2024-08-01,,FO,16880,-290
2024-08-01,,KO,20090,-230
2024-08-01,,RON95,22600,-280
2024-08-08,,"DO_0,05S",19140,-730
2024-08-08,,E5_RON92,20710,-900
2024-08-08,,FO,16020,-860
2024-08-08,,KO,19410,-680
2024-08-08,,RON95,21670,-930
2024-08-15,,"DO_0,05S",19230,90
2024-08-15,,E5_RON92,20880,170
2024-08-15,,FO,16240,220
2024-08-15,,KO,19570,160
2024-08-15,,RON95,21850,180
2024-08-22,,"DO_0,05S",18770,-460
2024-08-22,,E5_RON92,20420,-460
2024-08-22,,FO,15750,-490
2024-08-22,,KO,19140,-430
2024-08-22,,RON95,21310,-540
2024-08-29,,"DO_0,05S",18470,-300
2024-08-29,,E5_RON92,20330,-90
2024-08-29,,FO,15560,-190
2024-08-29,,KO,19060,-80
2024-08-29,,RON95,21100,-210
2024-09-05,,"DO_0,05S",18090,-380
2024-09-05,,E5_RON92,19970,-360
2024-09-05,,FO,15150,-410
2024-09-05,,KO,18720,-340
2024-09-05,,RON95,20820,-280
2024-09-12,,"DO_0,05S",17160,-930
2024-09-12,,E5_RON92,18890,-1080
2024-09-12,,FO,14460,-690
2024-09-12,,KO,17790,-930
2024-09-12,,RON95,19630,-1190
2024-09-19,,"DO_0,05S",17040,-120
2024-09-19,,E5_RON92,18940,50
2024-09-19,,FO,14820,360
2024-09-19,,KO,17550,-240
2024-09-19,,RON95,19760,130
2024-09-26,,"DO_0,05S",17500,460
2024-09-26,,E5_RON92,19620,680
2024-09-26,,FO,15350,530
2024-09-26,,KO,17870,320
2024-09-26,,RON95,20510,750
2024-10-03,,"DO_0,05S",17400,-100
2024-10-03,,E5_RON92,18850,-770
2024-10-03,,FO,15000,-350
2024-10-03,,KO,17650,-220
2024-10-03,,RON95,19800,-710
2024-10-10,,"DO_0,05S",18500,1100
2024-10-10,,E5_RON92,19840,990
2024-10-10,,FO,15910,910
2024-10-10,,KO,18790,1140
2024-10-10,,RON95,21060,1260
2024-10-17,,"DO_0,05S",18320,-180
2024-10-17,,E5_RON92,19730,-110
2024-10-17,,FO,16090,180
2024-10-17,,KO,18620,-170
2024-10-17,,RON95,20960,-100
2024-10-24,,"DO_0,05S",18050,-270
2024-10-24,,E5_RON92,19690,-40
2024-10-24,,FO,16220,130
2024-10-24,,KO,18570,-50
2024-10-24,,RON95,20890,-70
2024-10-31,,"DO_0,05S",18140,90
2024-10-31,,E5_RON92,19400,-290
2024-10-31,,FO,16460,240
2024-10-31,,KO,18830,260
2024-10-31,,RON95,20500,-390
2024-11-07,,"DO_0,05S",18910,770
2024-11-07,,E5_RON92,19740,340
2024-11-07,,FO,16390,-70
2024-11-07,,KO,19290,460
2024-11-07,,RON95,20850,350
2024-11-14,,"DO_0,05S",18570,-340
2024-11-14,,E5_RON92,19450,-290
2024-11-14,,FO,16000,-390
2024-11-14,,KO,18980,-310
2024-11-14,,RON95,20600,-250
2024-11-21,,"DO_0,05S",18500,-70
2024-11-21,,E5_RON92,19340,-110
2024-11-21,,FO,16010,10
2024-11-21,,KO,18920,-60
2024-11-21,,RON95,20520,-80
2024-11-28,,"DO_0,05S",18770,270
2024-11-28,,E5_RON92,19840,500
2024-11-28,,FO,16120,110
2024-11-28,,KO,19140,220
2024-11-28,,RON95,20850,330
2024-12-05,,"DO_0,05S",18380,-390
2024-12-05,,E5_RON92,19860,20
2024-12-05,,FO,16120,0
2024-12-05,,KO,18810,-330
2024-12-05,,RON95,20560,-290
2024-12-12,,"DO_0,05S",18250,-130
2024-12-12,,E5_RON92,19860,0
2024-12-12,,FO,15570,-550
2024-12-12,,KO,18560,-250
2024-12-12,,RON95,20590,30
2024-12-19,,"DO_0,05S",18730,480
2024-12-19,,E5_RON92,20240,380
2024-12-19,,FO,15900,330
2024-12-19,,KO,18960,400
2024-12-19,,RON95,21000,410
2024-12-26,,"DO_0,05S",18630,-100
2024-12-26,,E5_RON92,19810,-430
2024-12-26,,KO,18700,-260
2024-12-26,,RON95,20540,-460
2024-12-26,00:00,FO,15970,70
2024-12-26,15:00,"DO_0,05S",18630,-100
2024-12-26,15:00,E5_RON92,19810,-430
2024-12-26,15:00,KO,18700,-260
2024-12-26,15:00,RON95,20540,-460
2025-01-02,,"DO_0,05S",18750,120
2025-01-02,,E5_RON92,20050,240
2025-01-02,,FO,16090,120
2025-01-02,,KO,18830,130
2025-01-02,,RON95,20740,200
2025-01-09,,"DO_0,05S",19240,490
2025-01-09,,E5_RON92,20430,380
2025-01-09,,FO,16180,90
2025-01-09,,KO,19240,410
2025-01-09,,RON95,21010,270
2025-01-16,,FO,17180,1000
2025-01-16,,RON95,24150,95
2025-01-16,15:00,"DO_0,05S",19780,540
2025-01-16,15:00,E5_RON92,20570,140
2025-01-16,15:00,KO,19700,460
2025-01-16,15:00,RON95,21220,210
2025-01-16,16:00,FO,17180,1000
2025-01-23,,"DO_0,05S",20190,410
2025-01-23,,E5_RON92,20590,20
2025-01-23,,FO,17750,570
2025-01-23,,KO,20110,410
2025-01-23,,RON95,21140,-80
2025-02-01,,"DO_0,05S",19240,-950
2025-02-01,,E5_RON92,20390,-200
2025-02-01,,FO,17500,-250
2025-02-01,,KO,19430,-680
2025-02-01,,RON95,21000,-140
2025-02-06,,"DO_0,05S",19050,-190
2025-02-06,,E5_RON92,20440,50
2025-02-06,,FO,17350,-150
2025-02-06,,KO,19410,-20
2025-02-06,,RON95,20920,-80
2025-02-13,,"DO_0,05S",19070,20
2025-02-13,,E5_RON92,20590,150
2025-02-13,,FO,17770,420
2025-02-13,,KO,19470,60
2025-02-13,,RON95,21070,150
2025-02-20,,"DO_0,05S",19060,-10
2025-02-20,,E5_RON92,20850,260
2025-02-20,,FO,17590,-180
2025-02-20,,KO,19510,40
2025-02-20,,RON95,21330,260
2025-02-27,,"DO_0,05S",18950,-110
2025-02-27,,E5_RON92,20650,-200
2025-02-27,,FO,17610,20
2025-02-27,,KO,19330,-180
2025-02-27,,RON95,21110,-220
2025-03-06,,"DO_0,05S",18330,-620
2025-03-06,,E5_RON92,19960,-690
2025-03-06,,FO,17150,-460
2025-03-06,,KO,18570,-760
2025-03-06,,RON95,20400,-710
2025-03-13,,"DO_0,05S",17890,-440
2025-03-13,,E5_RON92,19280,-680
2025-03-13,,FO,16990,-160
2025-03-13,,KO,18090,-480
2025-03-13,,RON95,19640,-760
2025-03-20,,"DO_0,05S",17890,0
2025-03-20,,E5_RON92,19690,410
2025-03-20,,FO,16950,-40
2025-03-20,,KO,18110,20
2025-03-20,,RON95,20080,440
2025-03-27,,"DO_0,05S",18210,320
2025-03-27,,E5_RON92,20030,340
2025-03-27,,FO,16900,-50
2025-03-27,,KO,18520,410
2025-03-27,,RON95,20420,340
2025-04-03,,"DO_0,05S",18470,260
2025-04-03,,E5_RON92,20370,340
2025-04-03,,FO,17020,120
2025-04-03,,KO,18730,210
2025-04-03,,RON95,20910,490
2025-04-10,,"DO_0,05S",17240,-1230
2025-04-10,,E5_RON92,18880,-1490
2025-04-10,,FO,15900,-1120
2025-04-10,,KO,17410,-1320
2025-04-10,,RON95,19200,-1710
2025-04-17,,E5_RON92,18490,-390
2025-04-17,,RON95,24150,95
2025-04-17,15:00,"DO_0,05S",17030,-210
2025-04-17,15:00,FO,15960,60
2025-04-17,15:00,KO,17180,-230
2025-04-17,15:00,RON95,18850,-350
2025-04-17,17:00,E5_RON92,18490,-390
2025-04-24,,"DO_0,05S",17520,490
2025-04-24,,E5_RON92,19230,740
2025-04-24,,FO,16520,560
2025-04-24,,KO,17710,530
2025-04-24,,RON95,19630,780
2025-05-05,,"DO_0,05S",17350,-170
2025-05-05,,E5_RON92,19150,-80
2025-05-05,,FO,16190,-330
2025-05-05,,KO,17560,-150
2025-05-05,,RON95,19580,-50
2025-05-08,,"DO_0,05S",16800,-550
2025-05-08,,E5_RON92,18770,-380
2025-05-08,,FO,15530,-660
2025-05-08,,KO,16940,-620
2025-05-08,,RON95,19170,-410
2025-05-15,,"DO_0,05S",17220,420
2025-05-15,,E5_RON92,19180,410
2025-05-15,,FO,16160,630
2025-05-15,,KO,17220,280
2025-05-15,,RON95,19590,420
2025-05-22,,"DO_0,05S",17400,180
2025-05-22,,E5_RON92,19120,-60
2025-05-22,,FO,16510,350
2025-05-22,,KO,17310,90
2025-05-22,,RON95,19530,-60
2025-05-29,,"DO_0,05S",17130,-270
2025-05-29,,E5_RON92,19190,70
2025-05-29,,FO,16260,-250
2025-05-29,,KO,17100,-210
2025-05-29,,RON95,19560,30
2025-06-05,,"DO_0,05S",17420,290
2025-06-05,,E5_RON92,19260,70
2025-06-05,,FO,16170,-90
2025-06-05,,KO,17280,180
2025-06-05,,RON95,19690,130
2025-06-12,,"DO_0,05S",17700,280
2025-06-12,,E5_RON92,19460,200
2025-06-12,,FO,16460,290
2025-06-12,,KO,17510,230
2025-06-12,,RON95,19960,270
2025-06-19,,"DO_0,05S",19150,1450
2025-06-19,,E5_RON92,20630,1170
2025-06-19,,FO,17640,1180
2025-06-19,,KO,18920,1410
2025-06-19,,RON95,21240,1280
2025-06-26,,"DO_0,05S",19340,190
2025-06-26,,E5_RON92,20530,-100
2025-06-26,,FO,16950,-690
2025-06-26,,KO,19060,140
2025-06-26,,RON95,21110,-130
2025-07-03,,"DO_0,05S",18400,-940
2025-07-03,,E5_RON92,19440,-1090
2025-07-03,,FO,15800,-1150
2025-07-03,,KO,18130,-930
2025-07-03,,RON95,19900,-1210
2025-07-10,,"DO_0,05S",18830,430
2025-07-10,,E5_RON92,19650,210
2025-07-10,,FO,15560,-240
2025-07-10,,KO,18370,240
2025-07-10,,RON95,20090,190
2025-07-17,,"DO_0,05S",18790,-40
2025-07-17,,E5_RON92,19480,-170
2025-07-17,,FO,15470,-90
2025-07-17,,KO,18420,50
2025-07-17,,RON95,19920,-170
2025-07-24,,"DO_0,05S",19120,330
2025-07-24,,E5_RON92,19270,-210
2025-07-24,,FO,15370,-100
2025-07-24,,KO,18620,200
2025-07-24,,RON95,19700,-220
2025-07-31,,KO,18710,90
2025-07-31,,RON95,24150,95
2025-07-31,00:00,"DO_0,05S",19060,-60
2025-07-31,00:00,FO,15530,160
2025-07-31,15:00,E5_RON92,19400,130
2025-07-31,15:00,RON95,19840,140
2025-07-31,16:00,KO,18710,90
2025-08-07,,"DO_0,05S",18800,-260
2025-08-07,,E5_RON92,19600,200
2025-08-07,,FO,15640,110
2025-08-07,,KO,18660,-50
2025-08-07,,RON95,20070,230
2025-08-14,,"DO_0,05S",18070,-730
2025-08-14,,E5_RON92,19350,-250
2025-08-14,,FO,15260,-380
2025-08-14,,KO,18020,-640
2025-08-14,,RON95,19880,-190
2025-08-21,,"DO_0,05S",17900,-170
2025-08-21,,E5_RON92,19460,110
2025-08-21,,FO,15110,-150
2025-08-21,,KO,17810,-210
2025-08-21,,RON95,20090,210
2025-08-28,,"DO_0,05S",18350,450
2025-08-28,,E5_RON92,19770,310
2025-08-28,,FO,15260,150
2025-08-28,,KO,18220,410
2025-08-28,,RON95,20360,270
2025-09-04,,"DO_0,05S",18470,120
2025-09-04,,E5_RON92,19850,80
2025-09-04,,FO,15370,110
2025-09-04,,KO,18310,90
2025-09-04,,RON95,20430,70
2025-09-11,,"DO_0,05S",18640,170
2025-09-11,,E5_RON92,19750,-100
2025-09-11,,FO,15090,-280
2025-09-11,,KO,18360,50
2025-09-11,,RON95,20400,-30
2025-09-18,,"DO_0,05S",18700,60
2025-09-18,,E5_RON92,19980,230
2025-09-18,,FO,15130,40
2025-09-18,,KO,18540,180
2025-09-18,,RON95,20600,200
2025-09-25,,"DO_0,05S",18650,-50
2025-09-25,,E5_RON92,19610,-370
2025-09-25,,FO,15200,70
2025-09-25,,KO,18620,80
2025-09-25,,RON95,20160,-440
2025-10-02,,"DO_0,05S",19030,380
2025-10-02,,E5_RON92,19620,10
2025-10-02,,FO,15370,170
2025-10-02,,KO,19000,380
2025-10-02,,RON95,20200,40
2025-10-09,,"DO_0,05S",18600,-430
2025-10-09,,E5_RON92,19130,-490
2025-10-09,,FO,14800,-570
2025-10-09,,KO,18430,-570
2025-10-09,,RON95,19720,-480
2025-10-16,,"DO_0,05S",18420,-180
2025-10-16,,E5_RON92,19220,90
2025-10-16,,FO,14370,-430
2025-10-16,,KO,18400,-30
2025-10-16,,RON95,19900,180
2025-10-23,,"DO_0,05S",17880,-540
2025-10-23,,E5_RON92,19050,-170
2025-10-23,,FO,14090,-280
2025-10-23,,KO,18110,-290
2025-10-23,,RON95,19720,-180
2025-10-30,,"DO_0,05S",19200,1320
2025-10-30,,E5_RON92,19760,710
2025-10-30,,FO,14630,540
2025-10-30,,KO,19270,1160
2025-10-30,,RON95,20480,760
2025-11-06,,"DO_0,05S",19320,120
2025-11-06,,E5_RON92,19680,-80
2025-11-06,,FO,14320,-310
2025-11-06,,KO,19390,120
2025-11-06,,RON95,20410,-70
2025-11-13,,"DO_0,05S",19860,540
2025-11-13,,E5_RON92,19840,160
2025-11-13,,FO,14070,-250
2025-11-13,,KO,19930,540
2025-11-13,,RON95,20570,160
2025-11-20,,"DO_0,05S",19820,-40
2025-11-20,,E5_RON92,19800,-40
2025-11-20,,FO,13730,-340
2025-11-20,,KO,20280,350
2025-11-20,,RON95,20540,-30
2025-11-27,,"DO_0,05S",18800,-1020
2025-11-27,,E5_RON92,19280,-520
2025-11-27,,FO,13480,-250
2025-11-27,,KO,19470,-810
2025-11-27,,RON95,20000,-540
2025-12-04,,"DO_0,05S",18380,-420
2025-12-04,,E5_RON92,19820,540
2025-12-04,,FO,13430,-50
2025-12-04,,KO,18890,-580
2025-12-04,,RON95,20460,460
2025-12-11,,"DO_0,05S",18150,-230
2025-12-11,,E5_RON92,19610,-210
2025-12-11,,FO,13390,-40
2025-12-11,,KO,18640,-250
2025-12-11,,RON95,20080,-380
2025-12-18,,"DO_0,05S",17470,-680
2025-12-18,,E5_RON92,19230,-380
2025-12-18,,FO,13160,-230
2025-12-18,,KO,17930,-710
2025-12-18,,RON95,19620,-460
2025-12-25,,"DO_0,05S",17250,-220
2025-12-25,,E5_RON92,18710,-520
2025-12-25,,FO,13380,220
2025-12-25,,KO,17700,-230
2025-12-25,,RON95,19000,-620
2025-12-31,,"DO_0,05S",17250,0
2025-12-31,,E5_RON92,18430,-280
2025-12-31,,FO,13340,-40
2025-12-31,,KO,17690,-10
2025-12-31,,RON95,18910,-90
2026-01-08,,"DO_0,05S",17060,-190
2026-01-08,,E5_RON92,18230,-200
2026-01-08,,FO,13400,60
2026-01-08,,KO,17550,-140
2026-01-08,,RON95,18560,-350
2026-01-15,,"DO_0,05S",17280,220
2026-01-15,,E5_RON92,18370,140
2026-01-15,,FO,13400,0
2026-01-15,,KO,17690,140
2026-01-15,,RON95,18710,150
2026-01-22,,KO,17950,260
2026-01-22,,RON95,24150,95
2026-01-22,15:00,"DO_0,05S",17700,420
2026-01-22,15:00,E5_RON92,18280,-90
2026-01-22,15:00,FO,13870,470
2026-01-22,15:00,RON95,18630,-80
2026-01-22,22:00,KO,17950,260
2026-01-29,,"DO_0,05S",18170,470
2026-01-29,,E5_RON92,18330,50
2026-01-29,,FO,14630,760
2026-01-29,,KO,18170,220
2026-01-29,,RON95,18840,210
2026-02-05,,"DO_0,05S",18450,280
2026-02-05,,E5_RON92,18430,100
2026-02-05,,FO,15150,520
2026-02-05,,KO,18390,220
2026-02-05,,RON95,18880,40
2026-02-12,,"DO_0,05S",18460,10
2026-02-12,,E5_RON92,18830,400
2026-02-12,,FO,15560,410
2026-02-12,,KO,18510,120
2026-02-12,,RON95,19290,410
2026-02-20,,"DO_0,05S",18520,60
2026-02-20,,E5_RON92,18630,-200
2026-02-20,,FO,15860,300
2026-02-20,,KO,18610,100
2026-02-20,,RON95,19150,-140
2026-02-26,,"DO_0,05S",19270,750
2026-02-26,,E5_RON92,19520,890
2026-02-26,,FO,15680,-180
2026-02-26,,KO,19460,850
2026-02-26,,RON95,20150,1000
2026-03-05,,"DO_0,05S",23030,3760
2026-03-05,,E5_RON92,21440,1920
2026-03-05,,FO,17490,1810
2026-03-05,,KO,26600,7140
2026-03-05,,RON95,22340,2190
2026-03-07,,"DO_0,05S",30230,7200
2026-03-07,,E5_RON92,25220,3780
2026-03-07,,FO,21320,3830
2026-03-07,,KO,35090,8490
2026-03-07,,RON95,27040,4700
2026-03-11,,"DO_0,05S",26470,-4240
2026-03-11,,E5_RON92,22951,-3619
2026-03-11,,FO,19001,-5699
2026-03-11,,KO,24419,-7961
2026-03-11,,RON95,25240,-3880
2026-03-11,00:00,"DO_0,05S",30710,480
2026-03-11,00:00,E5_RON92,26570,1350
2026-03-11,00:00,FO,24700,3380
2026-03-11,00:00,KO,32380,-2710
2026-03-11,00:00,RON95,29120,2080
2026-03-11,22:00,"DO_0,05S",26470,-4240
2026-03-11,22:00,E5_RON92,22951,-3619
2026-03-11,22:00,FO,19001,-5699
2026-03-11,22:00,KO,24419,-7961
2026-03-11,22:00,RON95,25240,-3880
2026-03-12,,"DO_0,05S",27020,550
2026-03-12,,E5_RON92,22500,-451
2026-03-12,,FO,18660,-341
2026-03-12,,KO,26930,2511
2026-03-12,,RON95,25570,330
2026-03-19,,"DO_0,05S",33420,6400
2026-03-19,,E5_RON92,27170,4670
2026-03-19,,FO,22180,3520
2026-03-19,,KO,35920,8990
2026-03-19,,RON95,30690,5120
2026-03-24,,"DO_0,05S",39660,6240
2026-03-24,,E5_RON92,30110,2940
2026-03-24,,FO,22600,420
2026-03-24,,KO,40450,4530
2026-03-24,,RON95,33840,3150
2026-03-25,,"DO_0,05S",37890,-1770
2026-03-25,,E5_RON92,28070,-2040
2026-03-25,,FO,20240,-2360
2026-03-25,,KO,36350,-4100
2026-03-25,,RON95,29950,-3890
2026-03-27,,"DO_0,05S",35440,-2450
2026-03-27,,E5_RON92,23320,-4750
2026-03-27,,FO,21740,1500
2026-03-27,,KO,35380,-970
2026-03-27,,RON95,24330,-5620
2026-04-02,,"DO_0,05S",40820,5380
2026-04-02,,E5_RON92,23860,540
2026-04-02,,FO,23330,1590
2026-04-02,,KO,35380,0
2026-04-02,,RON95,25150,820
2026-04-03,,"DO_0,05S",44780,3960
2026-04-03,,E5_RON92,25420,1560
2026-04-03,,FO,24590,1260
2026-04-03,,RON95,26970,1820
2026-04-08,,"DO_0,05S",42840,-1940
2026-04-08,,E5_RON92,24730,-690
2026-04-08,,FO,24270,-320
2026-04-08,,RON95,26530,-440
2026-04-09,,"DO_0,05S",32960,-9880
2026-04-09,,E5_RON92,22340,-2390
2026-04-09,,FO,22610,-1660
2026-04-09,,RON95,23540,-2990
2026-04-16,,"DO_0,05S",31040,-1920
2026-04-16,,E5_RON92,22590,250
2026-04-16,,FO,20330,-2280
2026-04-16,,RON95,23760,220
2026-04-21,,"DO_0,05S",27850,-3190
2026-04-21,,E5_RON92,21930,-660
2026-04-21,,FO,19630,-700
2026-04-21,,RON95,23040,-720
2026-04-23,,"DO_0,05S",26690,-1160
2026-04-23,,E5_RON92,21830,-100
2026-04-23,,FO,18810,-820
2026-04-23,,RON95,22880,-160
2026-04-29,,"DO_0,05S",28170,1480
2026-04-29,,E5_RON92,22620,790
2026-04-29,,RON95,23750,870
2026-05-07,,"DO_0,05S",27490,-680
2026-05-07,,E5_RON92,23790,1170
2026-05-07,,RON95,24350,600
2026-05-14,,"DO_0,05S",27220,-270
2026-05-14,,E5_RON92,23130,-660
2026-05-14,,RON95,24070,-280
2026-05-21,,"DO_0,05S",28760,1540
2026-05-21,,E5_RON92,24340,1210
2026-05-21,,RON95,25540,1470
2026-05-28,,"DO_0,05S",27650,-1110
2026-05-28,,E5_RON92,23250,-1090
2026-05-28,,RON95,24150,-1390
