Ngay,Nam,Thang,available_from,Luong_nghin_tan,KimNgach_trieu_USD,DonGia_USD_tan,Luong_lag1m,DonGia_lag1m,DonGia_ret_lag1m
2009-01-01,2009,1,2009-02-06,151.13,232.0,1535.1022298683254,,,
2009-02-01,2009,2,2009-03-06,154.4,236.62,1532.5129533678758,151.13,1535.1022298683254,
2009-03-01,2009,3,2009-04-06,137.02,199.81,1458.2542694497154,154.4,1532.5129533678758,-0.001686712747900665
2009-04-01,2009,4,2009-05-06,123.77,180.16,1455.6031348468935,137.02,1458.2542694497154,-0.04845550163538148
2009-05-01,2009,5,2009-06-06,93.09,134.1,1440.541411537222,123.77,1455.6031348468935,-0.0018180194348563772
2009-06-01,2009,6,2009-07-06,82.37,121.08,1469.952652664805,93.09,1440.541411537222,-0.010347410601898477
2009-07-01,2009,7,2009-08-06,53.88,77.01,1429.2873051224944,82.37,1469.952652664805,0.020416796693264017
2009-08-01,2009,8,2009-09-06,55.31,79.17,1431.3867293436992,53.88,1429.2873051224944,-0.02766439277386956
2009-09-01,2009,9,2009-10-06,50.52,73.74,1459.6199524940619,55.31,1431.3867293436992,0.001468860888696355
2009-10-01,2009,10,2009-11-06,55.81,80.58,1443.8272710983695,50.52,1459.6199524940619,0.019724385151528967
2009-11-01,2009,11,2009-12-06,81.03,114.13,1408.490682463285,55.81,1443.8272710983695,-0.010819721509497948
2009-12-01,2009,12,2010-01-06,145.25,202.26,1392.4956970740104,81.03,1408.490682463285,-0.024474249338844123
2010-01-01,2010,1,2010-02-06,145.4,204.35,1405.433287482806,145.25,1392.4956970740104,-0.01135611728811814
2010-02-01,2010,2,2010-03-06,77.39,110.63,1429.5128569582632,145.4,1405.433287482806,0.00929093744130105
2010-03-01,2010,3,2010-04-06,125.25,171.59,1369.9800399201597,77.39,1429.5128569582632,0.017133199910601915
2010-04-01,2010,4,2010-05-06,125.29,169.15,1350.067842605156,125.25,1369.9800399201597,-0.04164552752941186
2010-05-01,2010,5,2010-06-06,101.24,143.12,1413.6704859739234,125.29,1350.067842605156,-0.014534662356222361
2010-06-01,2010,6,2010-07-06,105.46,152.82,1449.0802199886214,101.24,1413.6704859739234,0.04711070167113718
2010-07-01,2010,7,2010-08-06,99.47,153.1,1539.1575349351563,105.46,1449.0802199886214,0.025048081830967073
2010-08-01,2010,8,2010-09-06,80.86,128.4,1587.9297551323275,99.47,1539.1575349351563,0.06216171727693731
2010-09-01,2010,9,2010-10-06,58.93,94.5,1603.5974885457322,80.86,1587.9297551323275,0.03168760772705825
2010-10-01,2010,10,2010-11-06,57.83,98.14,1697.0430572367284,58.93,1603.5974885457322,0.00986676731937619
2010-11-01,2010,11,2010-12-06,76.87,134.02,1743.4629894627294,57.83,1697.0430572367284,0.05827245886730581
2010-12-01,2010,12,2011-01-06,163.93,291.59,1778.7470261697065,76.87,1743.4629894627294,0.02735342042622424
2011-01-01,2011,1,2011-02-06,215.02,413.12,1921.3096456143614,163.93,1778.7470261697065,0.020237904056598532
2011-02-01,2011,2,2011-03-06,143.91,302.38,2101.174345076784,215.02,1921.3096456143614,0.08014777669180106
2011-03-01,2011,3,2011-04-06,215.31,487.75,2265.338349356741,143.91,2101.174345076784,0.09361567505424606
2011-04-01,2011,4,2011-05-06,128.71,307.66,2390.334861316137,215.31,2265.338349356741,0.07812964434132108
2011-05-01,2011,5,2011-06-06,97.93,237.93,2429.592566118656,128.71,2390.334861316137,0.05517785543819076
2011-06-01,2011,6,2011-07-06,69.34,162.04,2336.8906835881166,97.93,2429.592566118656,0.016423516820945894
2011-07-01,2011,7,2011-08-06,58.02,134.8,2323.3367804205445,69.34,2336.8906835881166,-0.038155320288386196
2011-08-01,2011,8,2011-09-06,41.56,95.14,2289.220404234841,58.02,2323.3367804205445,-0.005799973127866287
2011-09-01,2011,9,2011-10-06,28.18,63.78,2263.3073101490418,41.56,2289.220404234841,-0.014684214735122492
2011-10-01,2011,10,2011-11-06,32.23,73.39,2277.0710518150795,28.18,2263.3073101490418,-0.011319615200818034
2011-11-01,2011,11,2011-12-06,70.6,149.42,2116.43059490085,32.23,2277.0710518150795,0.006081251805408305
2011-12-01,2011,12,2012-01-06,156.51,325.07,2076.991885502524,70.6,2116.43059490085,-0.07054696724820297
2012-01-01,2012,1,2012-02-06,117.85,241.13,2046.0755197284684,156.51,2076.991885502524,-0.018634539442657028
2012-02-01,2012,2,2012-03-06,206.23,427.82,2074.4799495708676,117.85,2046.0755197284684,-0.014885164448572352
2012-03-01,2012,3,2012-04-06,209.64,440.13,2099.456210646823,206.23,2074.4799495708676,0.013882395624462918
2012-04-01,2012,4,2012-05-06,168.99,356.38,2108.8821823776557,209.64,2099.456210646823,0.012039769813693368
2012-05-01,2012,5,2012-06-06,205.36,434.8,2117.2574990261005,168.99,2108.8821823776557,0.004489720568131572
2012-06-01,2012,6,2012-07-06,140.99,304.16,2157.3161217107595,205.36,2117.2574990261005,0.003971448342838135
2012-07-01,2012,7,2012-08-06,116.55,256.27,2198.7987987987985,140.99,2157.3161217107595,0.01892005233330618
2012-08-01,2012,8,2012-09-06,103.26,229.97,2227.0966492349407,116.55,2198.7987987987985,0.019228835621523555
2012-09-01,2012,9,2012-10-06,70.68,159.74,2260.045274476514,103.26,2227.0966492349407,0.012869686144817427
2012-10-01,2012,10,2012-11-06,102.59,230.12,2243.103616336875,70.68,2260.045274476514,0.014794429892789784
2012-11-01,2012,11,2012-12-06,127.52,261.96,2054.2659974905896,102.59,2243.103616336875,-0.007496158741139847
2012-12-01,2012,12,2013-01-06,162.54,330.38,2032.6073581887536,127.52,2054.2659974905896,-0.08418586527655314
2013-01-01,2013,1,2013-02-06,223.8,460.22,2056.38963360143,162.54,2032.6073581887536,-0.010543249670828092
2013-02-01,2013,2,2013-03-06,99.75,217.29,2178.345864661654,223.8,2056.38963360143,0.01170037849015193
2013-03-01,2013,3,2013-04-06,157.21,350.49,2229.4383308949814,99.75,2178.345864661654,0.05930599389700175
2013-04-01,2013,4,2013-05-06,109.28,240.12,2197.291361639824,157.21,2229.4383308949814,0.023454708025101967
2013-05-01,2013,5,2013-06-06,116.24,251.54,2163.9710942876804,109.28,2197.291361639824,-0.014419313066287964
2013-06-01,2013,6,2013-07-06,87.32,184.24,2109.9404489235,116.24,2163.9710942876804,-0.015164246277870497
2013-07-01,2013,7,2013-08-06,89.27,191.21,2141.928979500392,87.32,2109.9404489235,-0.02496828423762565
2013-08-01,2013,8,2013-09-06,80.96,173.23,2139.6986166007905,89.27,2141.928979500392,0.015160868920832682
2013-09-01,2013,9,2013-10-06,61.98,132.31,2134.720877702485,80.96,2139.6986166007905,-0.0010412870459046708
2013-10-01,2013,10,2013-11-06,60.74,122.42,2015.4757984853475,61.98,2134.720877702485,-0.0023263738452163896
2013-11-01,2013,11,2013-12-06,79.16,141.41,1786.3820111167256,60.74,2015.4757984853475,-0.05585979903165428
2013-12-01,2013,12,2014-01-06,134.51,253.1,1881.6444873987064,79.16,1786.3820111167256,-0.11366734720446081
2014-01-01,2014,1,2014-02-06,140.2,264.21,1884.5221112696147,134.51,1881.6444873987064,0.05332704633676255
2014-02-01,2014,2,2014-03-06,182.81,347.23,1899.403752529949,140.2,1884.5221112696147,0.0015293132630418427
2014-03-01,2014,3,2014-04-06,274.17,559.51,2040.7411460043038,182.81,1899.403752529949,0.00789677190378435
2014-04-01,2014,4,2014-05-06,207.45,439.27,2117.474090142203,274.17,2040.7411460043038,0.07441145321846254
2014-05-01,2014,5,2014-06-06,150.25,325.03,2163.261231281198,207.45,2117.474090142203,0.03760052777302958
2014-06-01,2014,6,2014-07-06,115.03,252.26,2192.9931322263756,150.25,2163.261231281198,0.021623471735571664
2014-07-01,2014,7,2014-08-06,127.65,274.49,2150.3329416372894,115.03,2192.9931322263756,0.013744017835316535
2014-08-01,2014,8,2014-09-06,99.81,220.92,2213.405470393748,127.65,2150.3329416372894,-0.019452952205908924
2014-09-01,2014,9,2014-10-06,98.37,216.05,2196.2996848632715,99.81,2213.405470393748,0.02933151770833886
2014-10-01,2014,10,2014-11-06,95.75,211.62,2210.1305483028723,98.37,2196.2996848632715,-0.007728265678964674
2014-11-01,2014,11,2014-12-06,83.8,191.44,2284.4868735083533,95.75,2210.1305483028723,0.0062973480053392095
2014-12-01,2014,12,2015-01-06,115.34,254.9,2209.9878619732963,83.8,2284.4868735083533,0.03364340864958315
2015-01-01,2015,1,2015-02-06,146.16,307.4,2103.1746031746034,115.34,2209.9878619732963,-0.03261082932844639
2015-02-01,2015,2,2015-03-06,97.38,204.01,2094.9887040460053,146.16,2103.1746031746034,-0.04833205676673691
2015-03-01,2015,3,2015-04-06,136.55,276.62,2025.7781032588796,97.38,2094.9887040460053,-0.0038921633592579052
2015-04-01,2015,4,2015-05-06,106.68,218.67,2049.775028121485,136.55,2025.7781032588796,-0.03303626442159846
2015-05-01,2015,5,2015-06-06,108.34,221.09,2040.7051873730848,106.68,2049.775028121485,0.011845781541424127
2015-06-01,2015,6,2015-07-06,109.67,221.96,2023.8898513722986,108.34,2040.7051873730848,-0.0044247981480739496
2015-07-01,2015,7,2015-08-06,111.45,224.89,2017.8555406011665,109.67,2023.8898513722986,-0.008239963373853021
2015-08-01,2015,8,2015-09-06,95.02,190.26,2002.3153020416755,111.45,2017.8555406011665,-0.0029815410987117374
2015-09-01,2015,9,2015-10-06,87.12,167.82,1926.3085399449035,95.02,2002.3153020416755,-0.00770136327740345
2015-10-01,2015,10,2015-11-06,88.02,169.16,1921.8359463758236,87.12,1926.3085399449035,-0.037959437267083396
2015-11-01,2015,11,2015-12-06,103.07,193.28,1875.2304259241291,88.02,1921.8359463758236,-0.0023218469296760746
2015-12-01,2015,12,2016-01-06,151.78,276.23,1819.936750560021,103.07,1875.2304259241291,-0.024250519686439764
2016-01-01,2016,1,2016-02-06,176.65,306.15,1733.0880271723747,151.78,1819.936750560021,-0.029486336505477162
2016-02-01,2016,2,2016-03-06,117.7,197.19,1675.36108751062,176.65,1733.0880271723747,-0.04772073719645564
2016-03-01,2016,3,2016-04-06,179.95,303.01,1683.8566268407892,117.7,1675.36108751062,-0.03330871759349652
2016-04-01,2016,4,2016-05-06,187.99,318.36,1693.4943348050429,179.95,1683.8566268407892,0.00507087062812972
2016-05-01,2016,5,2016-06-06,161.01,286.12,1777.032482454506,187.99,1693.4943348050429,0.005723591789602578
2016-06-01,2016,6,2016-07-06,158.05,291.79,1846.1879152167037,161.01,1777.032482454506,0.04932886159260774
2016-07-01,2016,7,2016-08-06,139.32,263.51,1891.4010910134941,158.05,1846.1879152167037,0.03891624573270458
2016-08-01,2016,8,2016-09-06,151.58,292.01,1926.4414830452565,139.32,1891.4010910134941,0.02449001828260977
2016-09-01,2016,9,2016-10-06,128.84,255.49,1983.002173238125,151.58,1926.4414830452565,0.01852615619090403
2016-10-01,2016,10,2016-11-06,117.04,243.73,2082.4504442925495,128.84,1983.002173238125,0.02936019115590205
2016-11-01,2016,11,2016-12-06,114.58,248.33,2167.30668528539,117.04,2082.4504442925495,0.05015035908509957
2016-12-01,2016,12,2017-01-06,147.67,328.62,2225.3673731969934,114.58,2167.30668528539,0.04074826425061362
2017-01-01,2017,1,2017-02-06,184.92,410.46,2219.6625567813107,147.67,2225.3673731969934,0.026789327189270518
2017-02-01,2017,2,2017-03-06,167.88,377.68,2249.702168215392,184.92,2219.6625567813107,-0.0025635391640917993
2017-03-01,2017,3,2017-04-06,186.01,420.98,2263.2116552873504,167.88,2249.702168215392,0.013533413600327115
2017-04-01,2017,4,2017-05-06,143.6,324.9,2262.534818941504,186.01,2263.2116552873504,0.006005011357870238
2017-05-01,2017,5,2017-06-06,127.69,287.08,2248.2574986294935,143.6,2262.534818941504,-0.0002990601185113295
2017-06-01,2017,6,2017-07-06,121.67,275.25,2262.2667872113093,127.69,2248.2574986294935,-0.006310320704231209
2017-07-01,2017,7,2017-08-06,104.14,242.71,2330.6126368350297,121.67,2262.2667872113093,0.00623117618438096
2017-08-01,2017,8,2017-09-06,96.13,224.96,2340.1643607614687,104.14,2330.6126368350297,0.030211224427676875
2017-09-01,2017,9,2017-10-06,79.95,186.42,2331.7073170731705,96.13,2340.1643607614687,0.004098374725801879
2017-10-01,2017,10,2017-11-06,79.27,185.11,2335.1835498927717,79.95,2331.7073170731705,-0.0036138673975645297
2017-11-01,2017,11,2017-12-06,104.73,225.11,2149.4318724338777,79.27,2335.1835498927717,0.0014908529874857468
2017-12-01,2017,12,2018-01-06,163.94,326.58,1992.0702696108333,104.73,2149.4318724338777,-0.07954478673311283
2018-01-01,2018,1,2018-02-06,216.39,419.7,1939.553583807015,163.94,1992.0702696108333,-0.07321078878618204
2018-02-01,2018,2,2018-03-06,136.48,264.12,1935.2286049237985,216.39,1939.553583807015,-0.026362868120148097
2018-03-01,2018,3,2018-04-06,210.53,405.22,1924.7613166769581,136.48,1935.2286049237985,-0.0022298836801030175
2018-04-01,2018,4,2018-05-06,163.57,312.15,1908.3572782295041,210.53,1924.7613166769581,-0.005408812282026276
2018-05-01,2018,5,2018-06-06,155.33,304.6,1960.9862872593833,163.57,1908.3572782295041,-0.008522635147185431
2018-06-01,2018,6,2018-07-06,155.87,296.73,1903.7018027843717,155.33,1960.9862872593833,0.027578173977309994
2018-07-01,2018,7,2018-08-06,134.62,253.13,1880.3298172634081,155.87,1903.7018027843717,-0.02921207804827164
2018-08-01,2018,8,2018-09-06,153.1,281.84,1840.8883082952318,134.62,1880.3298172634081,-0.012277125276017209
2018-09-01,2018,9,2018-10-06,120.65,212.05,1757.563199336925,153.1,1840.8883082952318,-0.020975846155319
2018-10-01,2018,10,2018-11-06,138.12,251.16,1818.4187662901825,120.65,1757.563199336925,-0.04526353314475151
2018-11-01,2018,11,2018-12-06,139.31,260.14,1867.3462063024908,138.12,1818.4187662901825,0.03462496653105651
2018-12-01,2018,12,2019-01-06,153.46,275.68,1796.4290368825752,139.31,1867.3462063024908,0.026906585501274227
2019-01-01,2019,1,2019-02-06,183.7,324.25,1765.1061513336963,153.46,1796.4290368825752,-0.037977515460476785
2019-02-01,2019,2,2019-03-06,115.12,199.53,1733.2348853370397,183.7,1765.1061513336963,-0.01743619419736997
2019-03-01,2019,3,2019-04-06,172.08,298.53,1734.8326359832636,115.12,1733.2348853370397,-0.018056288553849886
2019-04-01,2019,4,2019-05-06,143.3,243.38,1698.3949755757153,172.08,1734.8326359832636,0.0009218315761705398
2019-05-01,2019,5,2019-06-06,145.19,238.14,1640.1956057579723,143.3,1698.3949755757153,-0.02100355945108001
2019-06-01,2019,6,2019-07-06,142.35,238.07,1672.4271162627326,145.19,1640.1956057579723,-0.03426727625475623
2019-07-01,2019,7,2019-08-06,140.45,241.02,1716.055535777857,142.35,1672.4271162627326,0.019651016251726494
2019-08-01,2019,8,2019-09-06,114.17,197.14,1726.7233073486905,140.45,1716.055535777857,0.026086888385676188
2019-09-01,2019,9,2019-10-06,92.35,168.68,1826.52950730915,114.17,1726.7233073486905,0.006216448913465955
2019-10-01,2019,10,2019-11-06,87.5,157.57,1800.8,92.35,1826.52950730915,0.05780092243829582
2019-11-01,2019,11,2019-12-06,112.9,196.26,1738.3525243578388,87.5,1800.8,-0.014086554422575337
2019-12-01,2019,12,2020-01-06,188.25,327.59,1740.1859229747677,112.9,1738.3525243578388,-0.03467762974353683
2020-01-01,2020,1,2020-02-06,145.11,246.56,1699.12480187444,188.25,1740.1859229747677,0.0010546759597027666
2020-02-01,2020,2,2020-03-06,173.79,293.0,1685.9428045342079,145.11,1699.12480187444,-0.023595824192242376
2020-03-01,2020,3,2020-04-06,92.82,164.41,1771.277741865977,173.79,1685.9428045342079,-0.007758110131574791
2020-04-01,2020,4,2020-05-06,165.8,279.84,1687.816646562123,92.82,1771.277741865977,0.050615558904055113
2020-05-01,2020,5,2020-06-06,130.29,220.59,1693.0693069306933,165.8,1687.816646562123,-0.04711914643941206
2020-06-01,2020,6,2020-07-06,127.7,217.69,1704.698512137823,130.29,1693.0693069306933,0.003112103663196697
2020-07-01,2020,7,2020-08-06,120.0,213.0,1775.0,127.7,1704.698512137823,0.006868711847485942
2020-08-01,2020,8,2020-09-06,100.0,184.35,1843.5,120.0,1775.0,0.04123983646469753
2020-09-01,2020,9,2020-10-06,99.74,188.0,1884.9007419290153,100.0,1843.5,0.038591549295774685
2020-10-01,2020,10,2020-11-06,91.38,168.73,1846.4653096957759,99.74,1884.9007419290153,0.022457684800116784
2020-11-01,2020,11,2020-12-06,83.73,161.13,1924.3998566821926,91.38,1846.4653096957759,-0.02039122346246436
2020-12-01,2020,12,2021-01-06,85.0,170.0,2000.0,83.73,1924.3998566821926,0.04220742549409562
2021-01-01,2021,1,2021-02-06,160.62,280.58,1746.8559332586228,85.0,2000.0,0.03928504933904309
2021-02-01,2021,2,2021-03-06,122.84,215.96,1758.0592640833604,160.62,1746.8559332586228,-0.12657203337068856
2021-03-01,2021,3,2021-04-06,169.63,312.07,1839.7099569651596,122.84,1758.0592640833604,0.006413425750478874
2021-04-01,2021,4,2021-05-06,132.12,246.39,1864.895549500454,169.63,1839.7099569651596,0.04644365212817281
2021-05-01,2021,5,2021-06-06,130.29,243.54,1869.2148284595903,132.12,1864.895549500454,0.013689980010132441
2021-06-01,2021,6,2021-07-06,128.04,248.6,1941.580756013746,130.29,1869.2148284595903,0.0023160969847846324
2021-07-01,2021,7,2021-08-06,122.3,235.06,1921.9950940310712,128.04,1941.580756013746,0.038714612388235814
2021-08-01,2021,8,2021-09-06,111.7,224.75,2012.085944494181,122.3,1921.9950940310712,-0.010087482543289172
2021-09-01,2021,9,2021-10-06,100.34,210.02,2093.0835160454453,111.7,2012.085944494181,0.046873611042450136
2021-10-01,2021,10,2021-11-06,91.62,200.51,2188.495961580441,100.34,2093.0835160454453,0.04025552276874844
2021-11-01,2021,11,2021-12-06,88.55,202.61,2288.085827216262,91.62,2188.495961580441,0.045584633772885796
2021-12-01,2021,12,2022-01-06,115.06,270.2,2348.339996523553,88.55,2288.085827216262,0.045506076951543184
2022-01-01,2022,1,2022-02-06,152.81,347.29,2272.6915777763234,115.06,2348.339996523553,0.02633387637412099
2022-02-01,2022,2,2022-03-06,106.45,255.27,2398.0272428370126,152.81,2272.6915777763234,-0.03221357165453831
2022-03-01,2022,3,2022-04-06,163.87,380.7,2323.183010923293,106.45,2398.0272428370126,0.0551485587777476
2022-04-01,2022,4,2022-05-06,133.73,313.66,2345.4722201450686,163.87,2323.183010923293,-0.031210751311221308
2022-05-01,2022,5,2022-06-06,125.64,288.04,2292.5819802610636,133.73,2345.4722201450686,0.009594254570980842
2022-06-01,2022,6,2022-07-06,120.37,276.75,2299.16092049514,125.64,2292.5819802610636,-0.022549932346132784
2022-07-01,2022,7,2022-08-06,105.69,242.15,2291.1344498060366,120.37,2299.16092049514,0.0028696641126557676
2022-08-01,2022,8,2022-09-06,100.4,236.77,2358.266932270916,105.69,2291.1344498060366,-0.0034910434574431104
2022-09-01,2022,9,2022-10-06,84.74,206.65,2438.635827236252,100.4,2358.266932270916,0.0293009790283425
2022-10-01,2022,10,2022-11-06,74.17,192.27,2592.2879870567613,84.74,2438.635827236252,0.0340796429214838
2022-11-01,2022,11,2022-12-06,110.36,264.48,2396.5204784342154,74.17,2592.2879870567613,0.06300742329150699
2022-12-01,2022,12,2023-01-06,148.1,332.48,2244.9696151249154,110.36,2396.5204784342154,-0.07551919755829939
2023-01-01,2023,1,2023-02-06,114.54,256.09,2235.8128164833242,148.1,2244.9696151249154,-0.06323787535849346
2023-02-01,2023,2,2023-03-06,152.45,339.46,2226.6972777959986,114.54,2235.8128164833242,-0.004078807383360417
2023-03-01,2023,3,2023-04-06,174.71,406.11,2324.4805677980653,152.45,2226.6972777959986,-0.0040770580703903825
2023-04-01,2023,4,2023-05-06,146.64,360.57,2458.8788870703765,174.71,2324.4805677980653,0.043914047489586494
2023-05-01,2023,5,2023-06-06,130.29,336.49,2582.623378616932,146.64,2458.8788870703765,0.05781864608127241
2023-06-01,2023,6,2023-07-06,125.04,338.23,2704.9744081893796,130.29,2582.623378616932,0.050325574064361556
2023-07-01,2023,7,2023-08-06,97.85,279.22,2853.5513541134387,125.04,2704.9744081893796,0.04737470844005531
2023-08-01,2023,8,2023-09-06,73.62,228.78,3107.5794621026894,97.85,2853.5513541134387,0.05492730189026518
2023-09-01,2023,9,2023-10-06,45.92,154.41,3362.5871080139373,73.62,3107.5794621026894,0.08902174044390865
2023-10-01,2023,10,2023-11-06,39.62,145.0,3659.7677940434123,45.92,3362.5871080139373,0.08205989549779735
2023-11-01,2023,11,2023-12-06,109.48,327.51,2991.5052977712826,39.62,3659.7677940434123,0.08837858365697482
2023-12-01,2023,12,2024-01-06,175.08,510.6,2916.381082933516,109.48,2991.5052977712826,-0.18259696622277088
2024-01-01,2024,1,2024-02-06,194.06,596.79,3075.285994022467,175.08,2916.381082933516,-0.02511251271850834
2024-02-01,2024,2,2024-03-06,136.53,456.59,3344.2466857101003,194.06,3075.285994022467,0.054487018866928194
2024-03-01,2024,3,2024-04-06,162.05,579.77,3577.722925023141,136.53,3344.2466857101003,0.08745875740026166
2024-04-01,2024,4,2024-05-06,135.92,522.74,3845.938787522072,162.05,3577.722925023141,0.0698142993788946
2024-05-01,2024,5,2024-06-06,68.23,295.47,4330.499780155357,135.92,3845.938787522072,0.07496831591484843
2024-06-01,2024,6,2024-07-06,66.21,302.91,4574.988672405981,68.23,4330.499780155357,0.1259929030086011
2024-07-01,2024,7,2024-08-06,68.51,344.35,5026.273536709969,66.21,4574.988672405981,0.05645743093464661
2024-08-01,2024,8,2024-09-06,69.43,370.0,5329.108454558548,68.51,5026.273536709969,0.09864174462898911
2024-09-01,2024,9,2024-10-06,45.76,256.13,5597.2465034965035,69.43,5329.108454558548,0.06025038542705419
2024-10-01,2024,10,2024-11-06,39.77,233.44,5869.751068644707,45.76,5597.2465034965035,0.05031574253449245
2024-11-01,2024,11,2024-12-06,56.27,319.42,5676.559445530478,39.77,5869.751068644707,0.04868546793105755
2024-12-01,2024,12,2025-01-06,112.34,612.29,5450.329357308172,56.27,5676.559445530478,-0.03291308623737521
2025-01-01,2025,1,2025-02-06,124.2,676.36,5445.73268921095,112.34,5450.329357308172,-0.03985338132950089
2025-02-01,2025,2,2025-03-06,157.63,898.68,5701.1990103406715,124.2,5445.73268921095,-0.0008433743716896869
2025-03-01,2025,3,2025-04-06,169.1,990.04,5854.760496747486,157.63,5701.1990103406715,0.04691128553479107
2025-04-01,2025,4,2025-05-06,156.24,904.4,5788.530465949821,169.1,5854.760496747486,0.02693494581197564
2025-05-01,2025,5,2025-06-06,138.53,803.12,5797.44459683823,156.24,5788.530465949821,-0.011312167395140849
2025-06-01,2025,6,2025-07-06,106.45,616.02,5786.942226397369,138.53,5797.44459683823,0.0015399644073474938
2025-07-01,2025,7,2025-08-06,91.37,501.95,5493.597460873372,106.45,5786.942226397369,-0.0018115516699527268
2025-08-01,2025,8,2025-09-06,76.4,420.26,5500.785340314136,91.37,5493.597460873372,-0.050690805964139884
2025-09-01,2025,9,2025-10-06,76.04,435.32,5724.881641241452,76.4,5500.785340314136,0.0013084102888785143
2025-10-01,2025,10,2025-11-06,62.33,363.06,5824.803465425958,76.04,5724.881641241452,0.04073896490469453
2025-11-01,2025,11,2025-12-06,79.04,457.51,5788.335020242915,62.33,5824.803465425958,0.017453954587406617
