ngay_ky,mat_hang,don_vi,vung1,vung2
2017-01-04,Brent,$97.97,197,205
2017-01-04,Dầu hỏa,Đồng/lít,12250,12490
2017-01-04,"Mazút No2B (3,0S)",Đồng/kg,11520,11750
2017-01-04,"Mazút No2B (3,5S)",Đồng/kg,11120,11120
2017-01-04,Mazút No3 (380),Đồng/kg,11020,11240
2017-01-04,WTI,$95.91,215,229
2017-01-04,Xăng RON 92-II,Đồng/lít,17590,17940
2017-01-04,"Xăng RON 95-II,III",Đồng/lít,18290,18650
2017-01-04,Xăng RON 95-IV,Đồng/lít,18440,18800
2017-01-04,Xăng sinh học E5 RON 92-II,Đồng/lít,17320,17660
2017-01-04,"Điêzen 0,05S (DO 0.005S)",Đồng/lít,13750,14020
2017-01-19,Dầu hỏa,Đồng/lít,12600,12850
2017-01-19,"Mazút No2B (3,0S)",Đồng/kg,12020,12260
2017-01-19,"Mazút No2B (3,5S)",Đồng/kg,11620,11620
2017-01-19,Mazút No3 (380),Đồng/kg,11520,11750
2017-01-19,Xăng RON 92-II,Đồng/lít,17590,17940
2017-01-19,"Xăng RON 95-II,III",Đồng/lít,18290,18650
2017-01-19,Xăng RON 95-IV,Đồng/lít,18440,18800
2017-01-19,Xăng sinh học E5 RON 92-II,Đồng/lít,17320,17660
2017-01-19,"Điêzen 0,05S (DO 0.005S)",Đồng/lít,14040,14320
2017-02-03,Brent,$97.97,197,205
2017-02-03,Dầu hỏa,Đồng/lít,12520,12770
2017-02-03,"Mazút No2B (3,0S)",Đồng/kg,11600,11830
2017-02-03,"Mazút No2B (3,5S)",Đồng/kg,11200,11200
2017-02-03,Mazút No3 (380),Đồng/kg,11100,11320
2017-02-03,WTI,$95.91,215,229
2017-02-03,Xăng RON 92-II,Đồng/lít,17590,17940
2017-02-03,"Xăng RON 95-II,III",Đồng/lít,18290,18650
2017-02-03,Xăng RON 95-IV,Đồng/lít,18440,18800
2017-02-03,Xăng sinh học E5 RON 92-II,Đồng/lít,17320,17660
2017-02-03,"Điêzen 0,05S (DO 0.005S)",Đồng/lít,14020,14300
2017-02-18,Dầu hỏa,Đồng/lít,12750,13000
2017-02-18,"Mazút No2B (3,0S)",Đồng/kg,11720,11950
2017-02-18,"Mazút No2B (3,5S)",Đồng/kg,11320,11320
2017-02-18,Mazút No3 (380),Đồng/kg,11220,11440
2017-02-18,Xăng RON 92-II,Đồng/lít,18090,18450
2017-02-18,"Xăng RON 95-II,III",Đồng/lít,18790,19160
2017-02-18,Xăng RON 95-IV,Đồng/lít,18940,19310
2017-02-18,Xăng sinh học E5 RON 92-II,Đồng/lít,17810,18160
2017-02-18,"Điêzen 0,05S (DO 0.005S)",Đồng/lít,14300,14580
2017-03-06,Brent,$97.97,197,205
2017-03-06,Dầu hỏa,Đồng/lít,12830,13080
2017-03-06,"Mazút No2B (3,0S)",Đồng/kg,11770,12000
2017-03-06,"Mazút No2B (3,5S)",Đồng/kg,11370,11370
2017-03-06,Mazút No3 (380),Đồng/kg,11270,11490
2017-03-06,WTI,$95.91,215,229
2017-03-06,Xăng RON 92-II,Đồng/lít,18020,18380
2017-03-06,"Xăng RON 95-II,III",Đồng/lít,18720,19090
2017-03-06,Xăng RON 95-IV,Đồng/lít,18870,19240
2017-03-06,Xăng sinh học E5 RON 92-II,Đồng/lít,17760,18110
2017-03-06,"Điêzen 0,05S (DO 0.005S)",Đồng/lít,14440,14720
2017-03-21,Dầu hỏa,Đồng/lít,12170,12410
2017-03-21,"Mazút No2B (3,0S)",Đồng/kg,11250,11470
2017-03-21,"Mazút No2B (3,5S)",Đồng/kg,10850,10850
2017-03-21,Mazút No3 (380),Đồng/kg,10750,10960
2017-03-21,Xăng RON 92-II,Đồng/lít,17310,17650
2017-03-21,"Xăng RON 95-II,III",Đồng/lít,18010,18370
2017-03-21,Xăng RON 95-IV,Đồng/lít,18160,18520
2017-03-21,Xăng sinh học E5 RON 92-II,Đồng/lít,17090,17430
2017-03-21,"Điêzen 0,05S (DO 0.005S)",Đồng/lít,13830,14100
2017-04-05,Brent,$97.97,197,205
2017-04-05,Dầu hỏa,Đồng/lít,11980,12210
2017-04-05,"Mazút No2B (3,0S)",Đồng/kg,11010,11230
2017-04-05,"Mazút No2B (3,5S)",Đồng/kg,10610,10610
2017-04-05,Mazút No3 (380),Đồng/kg,10510,10720
2017-04-05,WTI,$95.91,215,229
2017-04-05,Xăng RON 92-II,Đồng/lít,17230,17570
2017-04-05,"Xăng RON 95-II,III",Đồng/lít,17930,18280
2017-04-05,Xăng RON 95-IV,Đồng/lít,18080,18440
2017-04-05,Xăng sinh học E5 RON 92-II,Đồng/lít,17030,17370
2017-04-05,"Điêzen 0,05S (DO 0.005S)",Đồng/lít,13460,13720
2017-04-20,Dầu hỏa,Đồng/lít,12330,12570
2017-04-20,"Mazút No2B (3,0S)",Đồng/kg,11360,11580
2017-04-20,"Mazút No2B (3,5S)",Đồng/kg,10960,10960
2017-04-20,Mazút No3 (380),Đồng/kg,10860,11070
2017-04-20,Xăng RON 92-II,Đồng/lít,17580,17930
2017-04-20,"Xăng RON 95-II,III",Đồng/lít,18280,18640
2017-04-20,Xăng RON 95-IV,Đồng/lít,18430,18790
2017-04-20,Xăng sinh học E5 RON 92-II,Đồng/lít,17380,17720
2017-04-20,"Điêzen 0,05S (DO 0.005S)",Đồng/lít,13810,14080
2017-05-05,Brent,$97.97,197,205
2017-05-05,Dầu hỏa,Đồng/lít,12050,12290
2017-05-05,"Mazút No2B (3,0S)",Đồng/kg,11050,11270
2017-05-05,"Mazút No2B (3,5S)",Đồng/kg,10900,10900
2017-05-05,Mazút No3 (380),Đồng/kg,10800,11010
2017-05-05,WTI,$95.91,215,229
2017-05-05,Xăng RON 92-II,Đồng/lít,17270,17610
2017-05-05,"Xăng RON 95-II,III",Đồng/lít,17970,18320
2017-05-05,Xăng RON 95-IV,Đồng/lít,18120,18480
2017-05-05,Xăng sinh học E5 RON 92-II,Đồng/lít,17060,17400
2017-05-05,"Điêzen 0,05S (DO 0.005S)",Đồng/lít,13600,13870
2017-05-20,Dầu hỏa,Đồng/lít,11790,12020
2017-05-20,"Mazút No2B (3,0S)",Đồng/kg,11040,11260
2017-05-20,"Mazút No2B (3,5S)",Đồng/kg,10890,10890
2017-05-20,Mazút No3 (380),Đồng/kg,10790,11000
2017-05-20,Xăng RON 92-II,Đồng/lít,17060,17400
2017-05-20,"Xăng RON 95-II,III",Đồng/lít,17760,18110
2017-05-20,Xăng RON 95-IV,Đồng/lít,17910,18260
2017-05-20,Xăng sinh học E5 RON 92-II,Đồng/lít,16870,17200
2017-05-20,"Điêzen 0,05S (DO 0.005S)",Đồng/lít,13260,13520
2017-06-05,Brent,$97.97,197,205
2017-06-05,Dầu hỏa,Đồng/lít,12110,12350
2017-06-05,"Mazút No2B (3,0S)",Đồng/kg,11180,11400
2017-06-05,"Mazút No2B (3,5S)",Đồng/kg,11030,11030
2017-06-05,Mazút No3 (380),Đồng/kg,10930,11140
2017-06-05,WTI,$95.91,215,229
2017-06-05,Xăng RON 92-II,Đồng/lít,17360,17700
2017-06-05,"Xăng RON 95-II,III",Đồng/lít,18060,18420
2017-06-05,Xăng RON 95-IV,Đồng/lít,18210,18570
2017-06-05,Xăng sinh học E5 RON 92-II,Đồng/lít,17150,17490
2017-06-05,"Điêzen 0,05S (DO 0.005S)",Đồng/lít,13480,13740
2017-06-20,Dầu hỏa,Đồng/lít,11380,11600
2017-06-20,"Mazút No2B (3,0S)",Đồng/kg,10810,11020
2017-06-20,"Mazút No2B (3,5S)",Đồng/kg,10660,10660
2017-06-20,Mazút No3 (380),Đồng/kg,10560,10770
2017-06-20,Xăng RON 92-II,Đồng/lít,16500,16830
2017-06-20,"Xăng RON 95-II,III",Đồng/lít,17200,17540
2017-06-20,Xăng RON 95-IV,Đồng/lít,17350,17690
2017-06-20,Xăng sinh học E5 RON 92-II,Đồng/lít,16340,16660
2017-06-20,"Điêzen 0,05S (DO 0.005S)",Đồng/lít,12830,13080
2017-07-05,Brent,$97.97,197,205
2017-07-05,Dầu hỏa,Đồng/lít,11660,11890
2017-07-05,"Mazút No2B (3,0S)",Đồng/kg,10920,11130
2017-07-05,"Mazút No2B (3,5S)",Đồng/kg,10770,10770
2017-07-05,Mazút No3 (380),Đồng/kg,10670,10880
2017-07-05,WTI,$95.91,215,229
2017-07-05,Xăng RON 92-II,Đồng/lít,16060,16380
2017-07-05,"Xăng RON 95-II,III",Đồng/lít,16760,17090
2017-07-05,Xăng RON 95-IV,Đồng/lít,16910,17240
2017-07-05,Xăng sinh học E5 RON 92-II,Đồng/lít,15910,16220
2017-07-05,"Điêzen 0,05S (DO 0.005S)",Đồng/lít,12950,13200
2017-07-20,Dầu hỏa,Đồng/lít,11930,12160
2017-07-20,"Mazút No2B (3,0S)",Đồng/kg,10980,11190
2017-07-20,"Mazút No2B (3,5S)",Đồng/kg,10830,10830
2017-07-20,Mazút No3 (380),Đồng/kg,10730,10940
2017-07-20,Xăng RON 92-II,Đồng/lít,16420,16740
2017-07-20,"Xăng RON 95-II,III",Đồng/lít,17120,17460
2017-07-20,Xăng RON 95-IV,Đồng/lít,17270,17610
2017-07-20,Xăng sinh học E5 RON 92-II,Đồng/lít,16250,16570
2017-07-20,"Điêzen 0,05S (DO 0.005S)",Đồng/lít,13320,13580
2017-08-04,Brent,$97.97,197,205
2017-08-04,Dầu hỏa,Đồng/lít,12390,12630
2017-08-04,"Mazút No2B (3,0S)",Đồng/kg,11240,11460
2017-08-04,"Mazút No2B (3,5S)",Đồng/kg,11090,11090
2017-08-04,Mazút No3 (380),Đồng/kg,10990,11200
2017-08-04,WTI,$95.91,215,229
2017-08-04,Xăng RON 92-II,Đồng/lít,17020,17360
2017-08-04,"Xăng RON 95-II,III",Đồng/lít,17720,18070
2017-08-04,Xăng RON 95-IV,Đồng/lít,17920,18270
2017-08-04,Xăng sinh học E5 RON 92-II,Đồng/lít,16820,17150
2017-08-04,"Điêzen 0,05S (DO 0.005S)",Đồng/lít,13790,14060
2017-08-19,Dầu hỏa,Đồng/lít,12390,12630
2017-08-19,"Mazút No2B (3,0S)",Đồng/kg,11250,11470
2017-08-19,"Mazút No2B (3,5S)",Đồng/kg,11100,11100
2017-08-19,Mazút No3 (380),Đồng/kg,11000,11220
2017-08-19,Xăng RON 92-II,Đồng/lít,17480,17820
2017-08-19,"Xăng RON 95-II,III",Đồng/lít,18180,18540
2017-08-19,Xăng RON 95-IV,Đồng/lít,18380,18740
2017-08-19,Xăng sinh học E5 RON 92-II,Đồng/lít,17250,17590
2017-08-19,"Điêzen 0,05S (DO 0.005S)",Đồng/lít,13790,14060
2017-09-05,Brent,$97.97,197,205
2017-09-05,Dầu hỏa,Đồng/lít,12540,12790
2017-09-05,"Mazút No2B (3,0S)",Đồng/kg,11290,11510
2017-09-05,"Mazút No2B (3,5S)",Đồng/kg,11140,11140
2017-09-05,Mazút No3 (380),Đồng/kg,11040,11260
2017-09-05,WTI,$95.91,215,229
2017-09-05,Xăng RON 92-II,Đồng/lít,17790,18140
2017-09-05,"Xăng RON 95-II,III",Đồng/lít,18490,18850
2017-09-05,Xăng RON 95-IV,Đồng/lít,18690,19060
2017-09-05,Xăng sinh học E5 RON 92-II,Đồng/lít,17530,17880
2017-09-05,"Điêzen 0,05S (DO 0.005S)",Đồng/lít,13950,14220
2017-09-20,Dầu hỏa,Đồng/lít,13110,13370
2017-09-20,"Mazút No2B (3,0S)",Đồng/kg,11680,11910
2017-09-20,"Mazút No2B (3,5S)",Đồng/kg,11530,11530
2017-09-20,Mazút No3 (380),Đồng/kg,11430,11650
2017-09-20,Xăng RON 92-II,Đồng/lít,18110,18470
2017-09-20,"Xăng RON 95-II,III",Đồng/lít,18810,19180
2017-09-20,Xăng RON 95-IV,Đồng/lít,19010,19390
2017-09-20,Xăng sinh học E5 RON 92-II,Đồng/lít,17830,18180
2017-09-20,"Điêzen 0,05S (DO 0.005S)",Đồng/lít,14440,14720
2017-10-05,Brent,$97.97,197,205
2017-10-05,Dầu hỏa,Đồng/lít,13430,13690
2017-10-05,"Mazút No2B (3,0S)",Đồng/kg,11890,12120
2017-10-05,"Mazút No2B (3,5S)",Đồng/kg,11740,11740
2017-10-05,Mazút No3 (380),Đồng/kg,11640,11870
2017-10-05,WTI,$95.91,215,229
2017-10-05,Xăng RON 92-II,Đồng/lít,17990,18340
2017-10-05,"Xăng RON 95-II,III",Đồng/lít,18690,19060
2017-10-05,Xăng RON 95-IV,Đồng/lít,18890,19260
2017-10-05,Xăng sinh học E5 RON 92-II,Đồng/lít,17730,18080
2017-10-05,"Điêzen 0,05S (DO 0.005S)",Đồng/lít,14580,14870
2017-10-20,Dầu hỏa,Đồng/lít,12990,13240
2017-10-20,"Mazút No2B (3,0S)",Đồng/kg,11790,12020
2017-10-20,"Mazút No2B (3,5S)",Đồng/kg,11640,11640
2017-10-20,Mazút No3 (380),Đồng/kg,11540,11770
2017-10-20,Xăng RON 92-II,Đồng/lít,17870,18220
2017-10-20,"Xăng RON 95-II,III",Đồng/lít,18570,18940
2017-10-20,Xăng RON 95-IV,Đồng/lít,18770,19140
2017-10-20,Xăng sinh học E5 RON 92-II,Đồng/lít,17630,17980
2017-10-20,"Điêzen 0,05S (DO 0.005S)",Đồng/lít,14410,14690
2017-11-04,Brent,$97.97,197,205
2017-11-04,Dầu hỏa,Đồng/lít,13190,13450
2017-11-04,"Mazút No2B (3,0S)",Đồng/kg,12050,12290
2017-11-04,"Mazút No2B (3,5S)",Đồng/kg,11900,11900
2017-11-04,Mazút No3 (380),Đồng/kg,11800,12030
2017-11-04,WTI,$95.91,215,229
2017-11-04,Xăng RON 92-II,Đồng/lít,18140,18500
2017-11-04,"Xăng RON 95-II,III",Đồng/lít,18840,19210
2017-11-04,Xăng RON 95-IV,Đồng/lít,19040,19420
2017-11-04,Xăng sinh học E5 RON 92-II,Đồng/lít,17850,18200
2017-11-04,"Điêzen 0,05S (DO 0.005S)",Đồng/lít,14610,14900
2017-11-20,Dầu hỏa,Đồng/lít,13610,13880
2017-11-20,"Mazút No2B (3,0S)",Đồng/kg,12530,12780
2017-11-20,"Mazút No2B (3,5S)",Đồng/kg,12380,12380
2017-11-20,Mazút No3 (380),Đồng/kg,12280,12520
2017-11-20,Xăng RON 92-II,Đồng/lít,18580,18950
2017-11-20,"Xăng RON 95-II,III",Đồng/lít,19280,19660
2017-11-20,Xăng RON 95-IV,Đồng/lít,19480,19860
2017-11-20,Xăng sinh học E5 RON 92-II,Đồng/lít,18240,18600
2017-11-20,"Điêzen 0,05S (DO 0.005S)",Đồng/lít,15010,15310
2017-12-05,Brent,$97.97,197,205
2017-12-05,Dầu hỏa,Đồng/lít,13610,13880
2017-12-05,"Mazút No2B (3,0S)",Đồng/kg,12530,12780
2017-12-05,"Mazút No2B (3,5S)",Đồng/kg,12380,12380
2017-12-05,Mazút No3 (380),Đồng/kg,12280,12520
2017-12-05,WTI,$95.91,215,229
2017-12-05,Xăng RON 92-II,Đồng/lít,18580,18950
2017-12-05,"Xăng RON 95-II,III",Đồng/lít,19280,19660
2017-12-05,Xăng RON 95-IV,Đồng/lít,19480,19860
2017-12-05,Xăng sinh học E5 RON 92-II,Đồng/lít,18240,18600
2017-12-05,"Điêzen 0,05S (DO 0.005S)",Đồng/lít,15160,15460
2017-12-15,Dầu hỏa,Đồng/lít,13610,13880
2017-12-15,"Mazút No2B (3,0S)",Đồng/kg,12530,12780
2017-12-15,"Mazút No2B (3,5S)",Đồng/kg,12380,12380
2017-12-15,Mazút No3 (380),Đồng/kg,12280,12520
2017-12-15,Xăng RON 92-II,Đồng/lít,18580,18950
2017-12-15,"Xăng RON 95-II,III",Đồng/lít,19280,19660
2017-12-15,Xăng RON 95-IV,Đồng/lít,19480,19860
2017-12-15,Xăng sinh học E5 RON 92-II,Đồng/lít,18240,18600
2017-12-15,"Điêzen 0,001S-V (DO 0,001S-V)",Đồng/lít,15210,15510
2017-12-15,"Điêzen 0,05S (DO 0.005S)",Đồng/lít,15160,15460
2018-01-01,Brent,$97.97,197,205
2018-01-01,Dầu hỏa,Đồng/lít,13610,13880
2018-01-01,"Mazút No2B (3,0S)",Đồng/kg,12530,12780
2018-01-01,"Mazút No2B (3,5S)",Đồng/kg,12380,12380
2018-01-01,Mazút No3 (380),Đồng/kg,12280,12520
2018-01-01,WTI,$95.91,215,229
2018-01-01,"Xăng RON 95-II,III",Đồng/lít,19280,19660
2018-01-01,Xăng RON 95-IV,Đồng/lít,19480,19860
2018-01-01,Xăng sinh học E5 RON 92-II,Đồng/lít,18240,18600
2018-01-01,"Điêzen 0,001S-V (DO 0,001S-V)",Đồng/lít,15210,15510
2018-01-01,"Điêzen 0,05S (DO 0.005S)",Đồng/lít,15160,15460
2018-01-04,Dầu hỏa,Đồng/lít,14110,14390
2018-01-04,"Mazút No2B (3,0S)",Đồng/kg,12760,13010
2018-01-04,"Mazút No2B (3,5S)",Đồng/kg,12610,12610
2018-01-04,Mazút No3 (380),Đồng/kg,12510,12760
2018-01-04,"Xăng RON 95-II,III",Đồng/lít,20090,20490
2018-01-04,Xăng RON 95-IV,Đồng/lít,20290,20690
2018-01-04,Xăng sinh học E5 RON 92-II,Đồng/lít,18240,18600
2018-01-04,"Điêzen 0,001S-V (DO 0,001S-V)",Đồng/lít,15570,15880
2018-01-04,"Điêzen 0,05S (DO 0.005S)",Đồng/lít,15520,15830
2018-01-19,Dầu hỏa,Đồng/lít,14560,14850
2018-01-19,"Mazút No2B (3,0S)",Đồng/kg,12910,13160
2018-01-19,"Mazút No2B (3,5S)",Đồng/kg,12760,12760
2018-01-19,Mazút No3 (380),Đồng/kg,12660,12910
2018-01-19,"Xăng RON 95-II,III",Đồng/lít,20380,20780
2018-01-19,Xăng RON 95-IV,Đồng/lít,20580,20990
2018-01-19,Xăng sinh học E5 RON 92-II,Đồng/lít,18670,19040
2018-01-19,"Điêzen 0,001S-V (DO 0,001S-V)",Đồng/lít,16000,16320
2018-01-19,"Điêzen 0,05S (DO 0.005S)",Đồng/lít,15950,16260
2018-02-03,Brent,$97.97,197,205
2018-02-03,Dầu hỏa,Đồng/lít,14560,14850
2018-02-03,"Mazút No2B (3,0S)",Đồng/kg,12910,13160
2018-02-03,"Mazút No2B (3,5S)",Đồng/kg,12760,12760
2018-02-03,Mazút No3 (380),Đồng/kg,12660,12910
2018-02-03,WTI,$95.91,215,229
2018-02-03,"Xăng RON 95-II,III",Đồng/lít,20380,20780
2018-02-03,Xăng RON 95-IV,Đồng/lít,20580,20990
2018-02-03,Xăng sinh học E5 RON 92-II,Đồng/lít,18670,19040
2018-02-03,"Điêzen 0,001S-V (DO 0,001S-V)",Đồng/lít,16000,16320
2018-02-03,"Điêzen 0,05S (DO 0.005S)",Đồng/lít,15950,16260
2018-02-21,Dầu hỏa,Đồng/lít,14560,14850
2018-02-21,"Mazút No2B (3,0S)",Đồng/kg,12670,12920
2018-02-21,"Mazút No2B (3,5S)",Đồng/kg,12520,12520
2018-02-21,Mazút No3 (380),Đồng/kg,12420,12660
2018-02-21,"Xăng RON 95-II,III",Đồng/lít,19980,20370
2018-02-21,Xăng RON 95-IV,Đồng/lít,20180,20580
2018-02-21,Xăng sinh học E5 RON 92-II,Đồng/lít,18340,18700
2018-02-21,"Điêzen 0,001S-V (DO 0,001S-V)",Đồng/lít,15760,16070
2018-02-21,"Điêzen 0,05S (DO 0.005S)",Đồng/lít,15710,16020
2018-03-08,Brent,$97.97,197,205
2018-03-08,Dầu hỏa,Đồng/lít,14560,14850
2018-03-08,"Mazút No2B (3,0S)",Đồng/kg,12670,12920
2018-03-08,"Mazút No2B (3,5S)",Đồng/kg,12520,12520
2018-03-08,Mazút No3 (380),Đồng/kg,12420,12660
2018-03-08,WTI,$95.91,215,229
2018-03-08,"Xăng RON 95-II,III",Đồng/lít,19980,20370
2018-03-08,Xăng RON 95-IV,Đồng/lít,20180,20580
2018-03-08,Xăng sinh học E5 RON 92-II,Đồng/lít,18340,18700
2018-03-08,"Điêzen 0,001S-V (DO 0,001S-V)",Đồng/lít,15760,16070
2018-03-08,"Điêzen 0,05S (DO 0.005S)",Đồng/lít,15710,16020
2018-03-23,Dầu hỏa,Đồng/lít,14560,14850
2018-03-23,"Mazút No2B (3,0S)",Đồng/kg,12670,12920
2018-03-23,"Mazút No2B (3,5S)",Đồng/kg,12520,12520
2018-03-23,Mazút No3 (380),Đồng/kg,12420,12660
2018-03-23,"Xăng RON 95-II,III",Đồng/lít,19980,20370
2018-03-23,Xăng RON 95-IV,Đồng/lít,20180,20580
2018-03-23,Xăng sinh học E5 RON 92-II,Đồng/lít,18340,18700
2018-03-23,"Điêzen 0,001S-V (DO 0,001S-V)",Đồng/lít,15760,16070
2018-03-23,"Điêzen 0,05S (DO 0.005S)",Đồng/lít,15710,16020
2018-04-07,Brent,$97.97,197,205
2018-04-07,Dầu hỏa,Đồng/lít,15080,15380
2018-04-07,"Mazút No2B (3,0S)",Đồng/kg,13100,13360
2018-04-07,"Mazút No2B (3,5S)",Đồng/kg,12950,12950
2018-04-07,Mazút No3 (380),Đồng/kg,12850,13100
2018-04-07,WTI,$95.91,215,229
2018-04-07,"Xăng RON 95-II,III",Đồng/lít,20500,20910
2018-04-07,Xăng RON 95-IV,Đồng/lít,20700,21110
2018-04-07,Xăng sinh học E5 RON 92-II,Đồng/lít,18930,19300
2018-04-07,"Điêzen 0,001S-V (DO 0,001S-V)",Đồng/lít,16400,16720
2018-04-07,"Điêzen 0,05S (DO 0.005S)",Đồng/lít,16350,16670
2018-04-23,Dầu hỏa,Đồng/lít,15580,15890
2018-04-23,"Mazút No2B (3,0S)",Đồng/kg,13510,13780
2018-04-23,"Mazút No2B (3,5S)",Đồng/kg,13360,13360
2018-04-23,Mazút No3 (380),Đồng/kg,13260,13520
2018-04-23,"Xăng RON 95-II,III",Đồng/lít,20500,20910
2018-04-23,Xăng RON 95-IV,Đồng/lít,20700,21110
2018-04-23,Xăng sinh học E5 RON 92-II,Đồng/lít,18930,19300
2018-04-23,"Điêzen 0,001S-V (DO 0,001S-V)",Đồng/lít,16780,17110
2018-04-23,"Điêzen 0,05S (DO 0.005S)",Đồng/lít,16730,17060
2018-05-08,Brent,$97.97,197,205
2018-05-08,Dầu hỏa,Đồng/lít,15910,16220
2018-05-08,"Mazút No2B (3,0S)",Đồng/kg,13900,14170
2018-05-08,"Mazút No2B (3,5S)",Đồng/kg,13750,13750
2018-05-08,Mazút No3 (380),Đồng/kg,13650,13920
2018-05-08,WTI,$95.91,215,229
2018-05-08,"Xăng RON 95-II,III",Đồng/lít,20910,21320
2018-05-08,Xăng RON 95-IV,Đồng/lít,21110,21530
2018-05-08,Xăng sinh học E5 RON 92-II,Đồng/lít,19440,19820
2018-05-08,"Điêzen 0,001S-V (DO 0,001S-V)",Đồng/lít,17150,17490
2018-05-08,"Điêzen 0,05S (DO 0.005S)",Đồng/lít,17100,17440
2018-05-23,Dầu hỏa,Đồng/lít,16440,16760
2018-05-23,"Mazút No2B (3,0S)",Đồng/kg,14580,14870
2018-05-23,"Mazút No2B (3,5S)",Đồng/kg,14430,14430
2018-05-23,Mazút No3 (380),Đồng/kg,14330,14610
2018-05-23,"Xăng RON 95-II,III",Đồng/lít,21510,21940
2018-05-23,Xăng RON 95-IV,Đồng/lít,21710,22140
2018-05-23,Xăng sinh học E5 RON 92-II,Đồng/lít,19940,20330
2018-05-23,"Điêzen 0,001S-V (DO 0,001S-V)",Đồng/lít,17740,18090
2018-05-23,"Điêzen 0,05S (DO 0.005S)",Đồng/lít,17690,18040
2018-06-07,Brent,$97.97,197,205
2018-06-07,Dầu hỏa,Đồng/lít,16440,16760
2018-06-07,"Mazút No2B (3,0S)",Đồng/kg,14580,14870
2018-06-07,"Mazút No2B (3,5S)",Đồng/kg,14430,14430
2018-06-07,Mazút No3 (380),Đồng/kg,14330,14610
2018-06-07,WTI,$95.91,215,229
2018-06-07,"Xăng RON 95-II,III",Đồng/lít,21510,21940
2018-06-07,Xăng RON 95-IV,Đồng/lít,21710,22140
2018-06-07,Xăng sinh học E5 RON 92-II,Đồng/lít,19940,20330
2018-06-07,"Điêzen 0,001S-V (DO 0,001S-V)",Đồng/lít,17740,18090
2018-06-07,"Điêzen 0,05S (DO 0.005S)",Đồng/lít,17690,18040
2018-06-22,Dầu hỏa,Đồng/lít,16050,16370
2018-06-22,"Mazút No2B (3,0S)",Đồng/kg,14580,14870
2018-06-22,"Mazút No2B (3,5S)",Đồng/kg,14430,14430
2018-06-22,Mazút No3 (380),Đồng/kg,14330,14610
2018-06-22,"Xăng RON 95-II,III",Đồng/lít,21170,21590
2018-06-22,Xăng RON 95-IV,Đồng/lít,21370,21790
2018-06-22,Xăng sinh học E5 RON 92-II,Đồng/lít,19610,20000
2018-06-22,"Điêzen 0,001S-V (DO 0,001S-V)",Đồng/lít,17510,17860
2018-06-22,"Điêzen 0,05S (DO 0.005S)",Đồng/lít,17460,17800
2018-07-07,Brent,$97.97,197,205
2018-07-07,Dầu hỏa,Đồng/lít,16240,16560
2018-07-07,"Mazút No2B (3,0S)",Đồng/kg,14900,15190
2018-07-07,"Mazút No2B (3,5S)",Đồng/kg,14750,14750
2018-07-07,Mazút No3 (380),Đồng/kg,14650,14940
2018-07-07,WTI,$95.91,215,229
2018-07-07,"Xăng RON 95-II,III",Đồng/lít,21170,21590
2018-07-07,Xăng RON 95-IV,Đồng/lít,21370,21790
2018-07-07,Xăng sinh học E5 RON 92-II,Đồng/lít,19610,20000
2018-07-07,"Điêzen 0,001S-V (DO 0,001S-V)",Đồng/lít,17500,17850
2018-07-07,"Điêzen 0,05S (DO 0.005S)",Đồng/lít,17450,17790
2018-07-23,Dầu hỏa,Đồng/lít,16170,16490
2018-07-23,"Mazút No2B (3,0S)",Đồng/kg,14900,15190
2018-07-23,"Mazút No2B (3,5S)",Đồng/kg,14750,14750
2018-07-23,Mazút No3 (380),Đồng/kg,14650,14940
2018-07-23,"Xăng RON 95-II,III",Đồng/lít,21170,21590
2018-07-23,Xăng RON 95-IV,Đồng/lít,21370,21790
2018-07-23,Xăng sinh học E5 RON 92-II,Đồng/lít,19610,20000
2018-07-23,"Điêzen 0,001S-V (DO 0,001S-V)",Đồng/lít,17290,17630
2018-07-23,"Điêzen 0,05S (DO 0.005S)",Đồng/lít,17240,17580
2018-08-07,Brent,$97.97,197,205
2018-08-07,Dầu hỏa,Đồng/lít,16370,16690
2018-08-07,"Mazút No2B (3,0S)",Đồng/kg,15160,15460
2018-08-07,"Mazút No2B (3,5S)",Đồng/kg,15010,15010
2018-08-07,Mazút No3 (380),Đồng/kg,14910,15200
2018-08-07,WTI,$95.91,215,229
2018-08-07,"Xăng RON 95-II,III",Đồng/lít,21170,21590
2018-08-07,Xăng RON 95-IV,Đồng/lít,21320,21740
2018-08-07,Xăng sinh học E5 RON 92-II,Đồng/lít,19610,20000
2018-08-07,"Điêzen 0,001S-V (DO 0,001S-V)",Đồng/lít,17630,17980
2018-08-07,"Điêzen 0,05S (DO 0.005S)",Đồng/lít,17530,17880
2018-08-22,Dầu hỏa,Đồng/lít,16260,16580
2018-08-22,"Mazút No2B (3,0S)",Đồng/kg,14890,15180
2018-08-22,"Mazút No2B (3,5S)",Đồng/kg,14740,14740
2018-08-22,Mazút No3 (380),Đồng/kg,14640,14930
2018-08-22,"Xăng RON 95-II,III",Đồng/lít,21170,21590
2018-08-22,Xăng RON 95-IV,Đồng/lít,21320,21740
2018-08-22,Xăng sinh học E5 RON 92-II,Đồng/lít,19610,20000
2018-08-22,"Điêzen 0,001S-V (DO 0,001S-V)",Đồng/lít,17780,18130
2018-08-22,"Điêzen 0,05S (DO 0.005S)",Đồng/lít,17680,18030
2018-09-06,Brent,$97.97,197,205
2018-09-06,Dầu hỏa,Đồng/lít,16550,16880
2018-09-06,"Mazút No2B (3,0S)",Đồng/kg,15060,15360
2018-09-06,"Mazút No2B (3,5S)",Đồng/kg,14910,14910
2018-09-06,Mazút No3 (380),Đồng/kg,14810,15100
2018-09-06,WTI,$95.91,215,229
2018-09-06,"Xăng RON 95-II,III",Đồng/lít,21470,21890
2018-09-06,Xăng RON 95-IV,Đồng/lít,21620,22050
2018-09-06,Xăng sinh học E5 RON 92-II,Đồng/lít,19910,20300
2018-09-06,"Điêzen 0,001S-V (DO 0,001S-V)",Đồng/lít,18160,18520
2018-09-06,"Điêzen 0,05S (DO 0.005S)",Đồng/lít,18060,18420
2018-09-21,Dầu hỏa,Đồng/lít,16680,17010
2018-09-21,"Mazút No2B (3,0S)",Đồng/kg,15090,15390
2018-09-21,"Mazút No2B (3,5S)",Đồng/kg,14940,14940
2018-09-21,Mazút No3 (380),Đồng/kg,14840,15130
2018-09-21,"Xăng RON 95-II,III",Đồng/lít,21770,22200
2018-09-21,Xăng RON 95-IV,Đồng/lít,21920,22350
2018-09-21,Xăng sinh học E5 RON 92-II,Đồng/lít,20230,20630
2018-09-21,"Điêzen 0,001S-V (DO 0,001S-V)",Đồng/lít,18220,18580
2018-09-21,"Điêzen 0,05S (DO 0.005S)",Đồng/lít,18120,18480
2018-10-06,Brent,$97.97,197,205
2018-10-06,Dầu hỏa,Đồng/lít,17080,17420
2018-10-06,"Mazút No2B (3,0S)",Đồng/kg,15840,16150
2018-10-06,"Mazút No2B (3,5S)",Đồng/kg,15690,15690
2018-10-06,Mazút No3 (380),Đồng/kg,15590,15900
2018-10-06,WTI,$95.91,215,229
2018-10-06,"Xăng RON 95-II,III",Đồng/lít,22340,22780
2018-10-06,Xăng RON 95-IV,Đồng/lít,22490,22930
2018-10-06,Xăng sinh học E5 RON 92-II,Đồng/lít,20900,21310
2018-10-06,"Điêzen 0,001S-V (DO 0,001S-V)",Đồng/lít,18710,19080
2018-10-06,"Điêzen 0,05S (DO 0.005S)",Đồng/lít,18610,18980
2018-10-22,Dầu hỏa,Đồng/lít,17080,17420
2018-10-22,"Mazút No2B (3,0S)",Đồng/kg,15840,16150
2018-10-22,"Mazút No2B (3,5S)",Đồng/kg,15690,15690
2018-10-22,Mazút No3 (380),Đồng/kg,15590,15900
2018-10-22,"Xăng RON 95-II,III",Đồng/lít,22200,22640
2018-10-22,Xăng RON 95-IV,Đồng/lít,22350,22790
2018-10-22,Xăng sinh học E5 RON 92-II,Đồng/lít,20680,21090
2018-10-22,"Điêzen 0,001S-V (DO 0,001S-V)",Đồng/lít,18710,19080
2018-10-22,"Điêzen 0,05S (DO 0.005S)",Đồng/lít,18610,18980
2018-11-06,Brent,$97.97,197,205
2018-11-06,Dầu hỏa,Đồng/lít,17080,17420
2018-11-06,"Mazút No2B (3,0S)",Đồng/kg,15840,16150
2018-11-06,"Mazút No2B (3,5S)",Đồng/kg,15690,15690
2018-11-06,Mazút No3 (380),Đồng/kg,15590,15900
2018-11-06,WTI,$95.91,215,229
2018-11-06,"Xăng RON 95-II,III",Đồng/lít,21060,21480
2018-11-06,Xăng RON 95-IV,Đồng/lít,21210,21630
2018-11-06,Xăng sinh học E5 RON 92-II,Đồng/lít,19600,19990
2018-11-06,"Điêzen 0,001S-V (DO 0,001S-V)",Đồng/lít,18640,19010
2018-11-06,"Điêzen 0,05S (DO 0.005S)",Đồng/lít,18540,18910
2018-11-21,Dầu hỏa,Đồng/lít,16240,16560
2018-11-21,"Mazút No2B (3,0S)",Đồng/kg,15330,15630
2018-11-21,"Mazút No2B (3,5S)",Đồng/kg,15180,15180
2018-11-21,Mazút No3 (380),Đồng/kg,15080,15380
2018-11-21,"Xăng RON 95-II,III",Đồng/lít,19970,20360
2018-11-21,Xăng RON 95-IV,Đồng/lít,20120,20520
2018-11-21,Xăng sinh học E5 RON 92-II,Đồng/lít,18620,18990
2018-11-21,"Điêzen 0,001S-V (DO 0,001S-V)",Đồng/lít,17780,18130
2018-11-21,"Điêzen 0,05S (DO 0.005S)",Đồng/lít,17630,17980
2018-12-06,Brent,$97.97,197,205
2018-12-06,Dầu hỏa,Đồng/lít,15250,15550
2018-12-06,"Mazút No2B (3,0S)",Đồng/kg,14550,14840
2018-12-06,"Mazút No2B (3,5S)",Đồng/kg,14400,14400
2018-12-06,Mazút No3 (380),Đồng/kg,14300,14580
2018-12-06,WTI,$95.91,215,229
2018-12-06,"Xăng RON 95-II,III",Đồng/lít,18450,18810
2018-12-06,Xăng RON 95-IV,Đồng/lít,18600,18970
2018-12-06,Xăng sinh học E5 RON 92-II,Đồng/lít,17180,17520
2018-12-06,"Điêzen 0,001S-V (DO 0,001S-V)",Đồng/lít,16400,16720
2018-12-06,"Điêzen 0,05S (DO 0.005S)",Đồng/lít,16250,16570
2018-12-21,Dầu hỏa,Đồng/lít,15000,15300
2018-12-21,"Mazút No2B (3,0S)",Đồng/kg,14150,14430
2018-12-21,"Mazút No2B (3,5S)",Đồng/kg,14000,14000
2018-12-21,Mazút No3 (380),Đồng/kg,13900,14170
2018-12-21,"Xăng RON 95-II,III",Đồng/lít,18140,18500
2018-12-21,Xăng RON 95-IV,Đồng/lít,18290,18650
2018-12-21,Xăng sinh học E5 RON 92-II,Đồng/lít,16780,17110
2018-12-21,"Điêzen 0,001S-V (DO 0,001S-V)",Đồng/lít,16150,16470
2018-12-21,"Điêzen 0,05S (DO 0.005S)",Đồng/lít,16000,16320
2019-01-01,Brent,$97.97,197,205
2019-01-01,Dầu hỏa,Đồng/lít,14180,14460
2019-01-01,"Mazút No2B (3,0S)",Đồng/kg,13420,13680
2019-01-01,"Mazút No2B (3,5S)",Đồng/kg,13270,13270
2019-01-01,Mazút No3 (380),Đồng/kg,13170,13430
2019-01-01,WTI,$95.91,215,229
2019-01-01,"Xăng RON 95-II,III",Đồng/lít,17600,17950
2019-01-01,Xăng RON 95-IV,Đồng/lít,17750,18100
2019-01-01,Xăng sinh học E5 RON 92-II,Đồng/lít,16270,16590
2019-01-01,"Điêzen 0,001S-V (DO 0,001S-V)",Đồng/lít,15050,15350
2019-01-01,"Điêzen 0,05S (DO 0.005S)",Đồng/lít,14900,15190
2019-01-16,Dầu hỏa,Đồng/lít,14180,14460
2019-01-16,"Mazút No2B (3,0S)",Đồng/kg,13420,13680
2019-01-16,"Mazút No2B (3,5S)",Đồng/kg,13270,13270
2019-01-16,Mazút No3 (380),Đồng/kg,13170,13430
2019-01-16,"Xăng RON 95-II,III",Đồng/lít,17600,17950
2019-01-16,Xăng RON 95-IV,Đồng/lít,17750,18100
2019-01-16,Xăng sinh học E5 RON 92-II,Đồng/lít,16270,16590
2019-01-16,"Điêzen 0,001S-V (DO 0,001S-V)",Đồng/lít,15050,15350
2019-01-16,"Điêzen 0,05S (DO 0.005S)",Đồng/lít,14900,15190
2019-01-31,Dầu hỏa,Đồng/lít,14180,14460
2019-01-31,"Mazút No2B (3,0S)",Đồng/kg,13420,13680
2019-01-31,"Mazút No2B (3,5S)",Đồng/kg,13270,13270
2019-01-31,Mazút No3 (380),Đồng/kg,13170,13430
2019-01-31,"Xăng RON 95-II,III",Đồng/lít,17600,17950
2019-01-31,Xăng RON 95-IV,Đồng/lít,17750,18100
2019-01-31,Xăng sinh học E5 RON 92-II,Đồng/lít,16270,16590
2019-01-31,"Điêzen 0,001S-V (DO 0,001S-V)",Đồng/lít,15100,15400
2019-01-31,"Điêzen 0,05S (DO 0.005S)",Đồng/lít,14900,15190
2019-02-15,Brent,$97.97,197,205
2019-02-15,Dầu hỏa,Đồng/lít,14180,14460
2019-02-15,"Mazút No2B (3,0S)",Đồng/kg,13420,13680
2019-02-15,"Mazút No2B (3,5S)",Đồng/kg,13270,13270
2019-02-15,Mazút No3 (380),Đồng/kg,13170,13430
2019-02-15,WTI,$95.91,215,229
2019-02-15,"Xăng RON 95-II,III",Đồng/lít,17600,17950
2019-02-15,Xăng RON 95-IV,Đồng/lít,17750,18100
2019-02-15,Xăng sinh học E5 RON 92-II,Đồng/lít,16270,16590
2019-02-15,"Điêzen 0,001S-V (DO 0,001S-V)",Đồng/lít,15100,15400
2019-02-15,"Điêzen 0,05S (DO 0.005S)",Đồng/lít,14900,15190
2019-03-02,Brent,$97.97,197,205
2019-03-02,Dầu hỏa,Đồng/lít,14880,15170
2019-03-02,"Mazút No2B (3,0S)",Đồng/kg,14230,14510
2019-03-02,"Mazút No2B (3,5S)",Đồng/kg,14080,14080
2019-03-02,Mazút No3 (380),Đồng/kg,13980,14250
2019-03-02,WTI,$95.91,215,229
2019-03-02,"Xăng RON 95-II,III",Đồng/lít,18540,18910
2019-03-02,Xăng RON 95-IV,Đồng/lít,18690,19060
2019-03-02,Xăng sinh học E5 RON 92-II,Đồng/lít,17210,17550
2019-03-02,"Điêzen 0,001S-V (DO 0,001S-V)",Đồng/lít,16060,16380
2019-03-02,"Điêzen 0,05S (DO 0.005S)",Đồng/lít,15860,16170
2019-03-18,Dầu hỏa,Đồng/lít,14880,15170
2019-03-18,"Mazút No2B (3,0S)",Đồng/kg,14230,14510
2019-03-18,"Mazút No2B (3,5S)",Đồng/kg,14080,14080
2019-03-18,Mazút No3 (380),Đồng/kg,13980,14250
2019-03-18,"Xăng RON 95-II,III",Đồng/lít,18540,18910
2019-03-18,Xăng RON 95-IV,Đồng/lít,18690,19060
2019-03-18,Xăng sinh học E5 RON 92-II,Đồng/lít,17210,17550
2019-03-18,"Điêzen 0,001S-V (DO 0,001S-V)",Đồng/lít,16060,16380
2019-03-18,"Điêzen 0,05S (DO 0.005S)",Đồng/lít,15860,16170
2019-04-02,Brent,$97.97,197,205
2019-04-02,Dầu hỏa,Đồng/lít,15970,16280
2019-04-02,"Mazút No2B (3,0S)",Đồng/kg,15360,15660
2019-04-02,"Mazút No2B (3,5S)",Đồng/kg,15210,15210
2019-04-02,Mazút No3 (380),Đồng/kg,15110,15410
2019-04-02,WTI,$95.91,215,229
2019-04-02,"Xăng RON 95-II,III",Đồng/lít,20030,20430
2019-04-02,Xăng RON 95-IV,Đồng/lít,20180,20580
2019-04-02,Xăng sinh học E5 RON 92-II,Đồng/lít,18580,18950
2019-04-02,"Điêzen 0,001S-V (DO 0,001S-V)",Đồng/lít,17380,17720
2019-04-02,"Điêzen 0,05S (DO 0.005S)",Đồng/lít,17080,17420
2019-04-17,Dầu hỏa,Đồng/lít,16260,16580
2019-04-17,"Mazút No2B (3,0S)",Đồng/kg,15760,16070
2019-04-17,"Mazút No2B (3,5S)",Đồng/kg,15610,15610
2019-04-17,Mazút No3 (380),Đồng/kg,15510,15820
2019-04-17,"Xăng RON 95-II,III",Đồng/lít,21230,21650
2019-04-17,Xăng RON 95-IV,Đồng/lít,21380,21800
2019-04-17,Xăng sinh học E5 RON 92-II,Đồng/lít,19700,20090
2019-04-17,"Điêzen 0,001S-V (DO 0,001S-V)",Đồng/lít,17680,18030
2019-04-17,"Điêzen 0,05S (DO 0.005S)",Đồng/lít,17380,17720
2019-05-02,Brent,$97.97,197,205
2019-05-02,Dầu hỏa,Đồng/lít,16620,16950
2019-05-02,"Mazút No2B (3,0S)",Đồng/kg,16150,16470
2019-05-02,"Mazút No2B (3,5S)",Đồng/kg,16000,16000
2019-05-02,Mazút No3 (380),Đồng/kg,15900,16210
2019-05-02,WTI,$95.91,215,229
2019-05-02,"Xăng RON 95-II,III",Đồng/lít,22190,22630
2019-05-02,Xăng RON 95-IV,Đồng/lít,22340,22780
2019-05-02,Xăng sinh học E5 RON 92-II,Đồng/lít,20680,21090
2019-05-02,"Điêzen 0,001S-V (DO 0,001S-V)",Đồng/lít,17990,18340
2019-05-02,"Điêzen 0,05S (DO 0.005S)",Đồng/lít,17690,18040
2019-05-17,Dầu hỏa,Đồng/lít,16420,16740
2019-05-17,"Mazút No2B (3,0S)",Đồng/kg,15680,15990
2019-05-17,"Mazút No2B (3,5S)",Đồng/kg,15530,15530
2019-05-17,Mazút No3 (380),Đồng/kg,15430,15730
2019-05-17,"Xăng RON 95-II,III",Đồng/lít,21590,22020
2019-05-17,Xăng RON 95-IV,Đồng/lít,21740,22170
2019-05-17,Xăng sinh học E5 RON 92-II,Đồng/lít,20480,20880
2019-05-17,"Điêzen 0,001S-V (DO 0,001S-V)",Đồng/lít,17910,18260
2019-05-17,"Điêzen 0,05S (DO 0.005S)",Đồng/lít,17610,17960
2019-06-01,Brent,$97.97,197,205
2019-06-01,Dầu hỏa,Đồng/lít,16220,16540
2019-06-01,"Mazút No2B (3,0S)",Đồng/kg,15500,15810
2019-06-01,"Mazút No2B (3,5S)",Đồng/kg,15350,15350
2019-06-01,Mazút No3 (380),Đồng/kg,15250,15550
2019-06-01,WTI,$95.91,215,229
2019-06-01,"Xăng RON 95-II,III",Đồng/lít,21210,21630
2019-06-01,Xăng RON 95-IV,Đồng/lít,21360,21780
2019-06-01,Xăng sinh học E5 RON 92-II,Đồng/lít,20210,20610
2019-06-01,"Điêzen 0,001S-V (DO 0,001S-V)",Đồng/lít,17690,18040
2019-06-01,"Điêzen 0,05S (DO 0.005S)",Đồng/lít,17390,17730
2019-06-17,Dầu hỏa,Đồng/lít,15610,15920
2019-06-17,"Mazút No2B (3,0S)",Đồng/kg,15260,15560
2019-06-17,"Mazút No2B (3,5S)",Đồng/kg,15110,15110
2019-06-17,Mazút No3 (380),Đồng/kg,15010,15310
2019-06-17,"Xăng RON 95-II,III",Đồng/lít,20130,20530
2019-06-17,Xăng RON 95-IV,Đồng/lít,20280,20680
2019-06-17,Xăng sinh học E5 RON 92-II,Đồng/lít,19230,19610
2019-06-17,"Điêzen 0,001S-V (DO 0,001S-V)",Đồng/lít,16950,17280
2019-06-17,"Điêzen 0,05S (DO 0.005S)",Đồng/lít,16650,16980
2019-07-02,Brent,$97.97,197,205
2019-07-02,Dầu hỏa,Đồng/lít,15930,16240
2019-07-02,"Mazút No2B (3,0S)",Đồng/kg,15370,15670
2019-07-02,"Mazút No2B (3,5S)",Đồng/kg,15220,15220
2019-07-02,Mazút No3 (380),Đồng/kg,15120,15420
2019-07-02,WTI,$95.91,215,229
2019-07-02,"Xăng RON 95-II,III",Đồng/lít,20510,20920
2019-07-02,Xăng RON 95-IV,Đồng/lít,20660,21070
2019-07-02,Xăng sinh học E5 RON 92-II,Đồng/lít,19650,20040
2019-07-02,"Điêzen 0,001S-V (DO 0,001S-V)",Đồng/lít,17240,17580
2019-07-02,"Điêzen 0,05S (DO 0.005S)",Đồng/lít,16940,17270
2019-07-17,Dầu hỏa,Đồng/lít,15950,16260
2019-07-17,"Mazút No2B (3,0S)",Đồng/kg,16130,16450
2019-07-17,"Mazút No2B (3,5S)",Đồng/kg,15980,15980
2019-07-17,Mazút No3 (380),Đồng/kg,15880,16190
2019-07-17,"Xăng RON 95-II,III",Đồng/lít,21230,21650
2019-07-17,Xăng RON 95-IV,Đồng/lít,21380,21800
2019-07-17,Xăng sinh học E5 RON 92-II,Đồng/lít,20270,20670
2019-07-17,"Điêzen 0,001S-V (DO 0,001S-V)",Đồng/lít,17290,17630
2019-07-17,"Điêzen 0,05S (DO 0.005S)",Đồng/lít,16990,17320
2019-08-01,Brent,$97.97,197,205
2019-08-01,Dầu hỏa,Đồng/lít,15960,16270
2019-08-01,"Mazút No2B (3,0S)",Đồng/kg,16070,16390
2019-08-01,"Mazút No2B (3,5S)",Đồng/kg,15920,15920
2019-08-01,Mazút No3 (380),Đồng/kg,15820,16130
2019-08-01,WTI,$95.91,215,229
2019-08-01,"Xăng RON 95-II,III",Đồng/lít,20910,21320
2019-08-01,Xăng RON 95-IV,Đồng/lít,21010,21430
2019-08-01,Xăng sinh học E5 RON 92-II,Đồng/lít,19900,20290
2019-08-01,"Điêzen 0,001S-V (DO 0,001S-V)",Đồng/lít,17320,17660
2019-08-01,"Điêzen 0,05S (DO 0.005S)",Đồng/lít,17020,17360
2019-08-16,Dầu hỏa,Đồng/lít,15390,15690
2019-08-16,"Mazút No2B (3,0S)",Đồng/kg,14220,14500
2019-08-16,"Mazút No2B (3,5S)",Đồng/kg,14070,14070
2019-08-16,Mazút No3 (380),Đồng/kg,13970,14240
2019-08-16,"Xăng RON 95-II,III",Đồng/lít,20400,20800
2019-08-16,Xăng RON 95-IV,Đồng/lít,20500,20910
2019-08-16,Xăng sinh học E5 RON 92-II,Đồng/lít,19350,19730
2019-08-16,"Điêzen 0,001S-V (DO 0,001S-V)",Đồng/lít,16800,17130
2019-08-16,"Điêzen 0,05S (DO 0.005S)",Đồng/lít,16500,16830
2019-08-31,Dầu hỏa,Đồng/lít,15320,15620
2019-08-31,"Mazút No2B (3,0S)",Đồng/kg,13970,14240
2019-08-31,"Mazút No2B (3,5S)",Đồng/kg,13820,13820
2019-08-31,Mazút No3 (380),Đồng/kg,13720,13990
2019-08-31,"Xăng RON 95-II,III",Đồng/lít,20230,20630
2019-08-31,Xăng RON 95-IV,Đồng/lít,20330,20730
2019-08-31,Xăng sinh học E5 RON 92-II,Đồng/lít,19220,19600
2019-08-31,"Điêzen 0,001S-V (DO 0,001S-V)",Đồng/lít,16630,16960
2019-08-31,"Điêzen 0,05S (DO 0.005S)",Đồng/lít,16330,16650
2019-09-16,Brent,$97.97,197,205
2019-09-16,Dầu hỏa,Đồng/lít,15360,15660
2019-09-16,"Mazút No2B (3,0S)",Đồng/kg,14240,14520
2019-09-16,"Mazút No2B (3,5S)",Đồng/kg,14090,14090
2019-09-16,Mazút No3 (380),Đồng/kg,13990,14260
2019-09-16,WTI,$95.91,215,229
2019-09-16,"Xăng RON 95-II,III",Đồng/lít,20140,20540
2019-09-16,Xăng RON 95-IV,Đồng/lít,20240,20640
2019-09-16,Xăng sinh học E5 RON 92-II,Đồng/lít,19110,19490
2019-09-16,"Điêzen 0,001S-V (DO 0,001S-V)",Đồng/lít,16500,16830
2019-09-16,"Điêzen 0,05S (DO 0.005S)",Đồng/lít,16200,16520
2019-10-01,Brent,$97.97,197,205
2019-10-01,Dầu hỏa,Đồng/lít,15780,16090
2019-10-01,"Mazút No2B (3,0S)",Đồng/kg,15060,15360
2019-10-01,"Mazút No2B (3,5S)",Đồng/kg,14910,14910
2019-10-01,Mazút No3 (380),Đồng/kg,14810,15100
2019-10-01,WTI,$95.91,215,229
2019-10-01,"Xăng RON 95-II,III",Đồng/lít,21060,21480
2019-10-01,Xăng RON 95-IV,Đồng/lít,21160,21580
2019-10-01,Xăng sinh học E5 RON 92-II,Đồng/lít,19780,20170
2019-10-01,"Điêzen 0,001S-V (DO 0,001S-V)",Đồng/lít,16930,17260
2019-10-01,"Điêzen 0,05S (DO 0.005S)",Đồng/lít,16630,16960
2019-10-16,Dầu hỏa,Đồng/lít,15250,15550
2019-10-16,"Mazút No2B (3,0S)",Đồng/kg,12960,13210
2019-10-16,"Mazút No2B (3,5S)",Đồng/kg,12810,12810
2019-10-16,Mazút No3 (380),Đồng/kg,12710,12960
2019-10-16,"Xăng RON 95-II,III",Đồng/lít,20790,21200
2019-10-16,Xăng RON 95-IV,Đồng/lít,20890,21300
2019-10-16,Xăng sinh học E5 RON 92-II,Đồng/lít,19470,19850
2019-10-16,"Điêzen 0,001S-V (DO 0,001S-V)",Đồng/lít,16520,16850
2019-10-16,"Điêzen 0,05S (DO 0.005S)",Đồng/lít,16220,16540
2019-10-31,Dầu hỏa,Đồng/lít,15130,15430
2019-10-31,"Mazút No2B (3,0S)",Đồng/kg,13010,13270
2019-10-31,"Mazút No2B (3,5S)",Đồng/kg,12510,12510
2019-10-31,Mazút No3 (380),Đồng/kg,12460,12700
2019-10-31,"Xăng RON 95-II,III",Đồng/lít,20440,20840
2019-10-31,Xăng RON 95-IV,Đồng/lít,20540,20950
2019-10-31,Xăng sinh học E5 RON 92-II,Đồng/lít,19250,19630
2019-10-31,"Điêzen 0,001S-V (DO 0,001S-V)",Đồng/lít,16350,16670
2019-10-31,"Điêzen 0,05S (DO 0.005S)",Đồng/lít,16050,16370
2019-11-15,Brent,$97.97,197,205
2019-11-15,Dầu hỏa,Đồng/lít,14960,15250
2019-11-15,"Mazút No2B (3,0S)",Đồng/kg,12440,12680
2019-11-15,"Mazút No2B (3,5S)",Đồng/kg,11940,11940
2019-11-15,Mazút No3 (380),Đồng/kg,11890,12120
2019-11-15,WTI,$95.91,215,229
2019-11-15,"Xăng RON 95-II,III",Đồng/lít,20790,21200
2019-11-15,Xăng RON 95-IV,Đồng/lít,20890,21300
2019-11-15,Xăng sinh học E5 RON 92-II,Đồng/lít,19500,19890
2019-11-15,"Điêzen 0,001S-V (DO 0,001S-V)",Đồng/lít,16260,16580
2019-11-15,"Điêzen 0,05S (DO 0.005S)",Đồng/lít,15960,16270
2019-11-30,Dầu hỏa,Đồng/lít,14960,15250
2019-11-30,"Mazút 380cst - 0,5S (RMG)",Đồng/kg,16840,17170
2019-11-30,"Mazút No2B (3,0S)",Đồng/kg,12680,12930
2019-11-30,"Mazút No2B (3,5S)",Đồng/kg,11180,11180
2019-11-30,Mazút No3 (380),Đồng/kg,11130,11350
2019-11-30,"Xăng RON 95-II,III",Đồng/lít,21070,21490
2019-11-30,Xăng RON 95-IV,Đồng/lít,21170,21590
2019-11-30,Xăng sinh học E5 RON 92-II,Đồng/lít,19810,20200
2019-11-30,"Điêzen 0,001S-V (DO 0,001S-V)",Đồng/lít,16280,16600
2019-11-30,"Điêzen 0,05S (DO 0.005S)",Đồng/lít,15980,16290
2019-12-16,Brent,$97.97,197,205
2019-12-16,Dầu hỏa,Đồng/lít,15010,15310
2019-12-16,"Mazút 380cst - 0,5S (RMG)",Đồng/kg,16560,16890
2019-12-16,"Mazút No2B (3,0S)",Đồng/kg,12850,13100
2019-12-16,"Mazút No2B (3,5S)",Đồng/kg,11350,11350
2019-12-16,Mazút No3 (380),Đồng/kg,11300,11520
2019-12-16,WTI,$95.91,215,229
2019-12-16,"Xăng RON 95-II,III",Đồng/lít,20880,21290
2019-12-16,Xăng RON 95-IV,Đồng/lít,20980,21390
2019-12-16,Xăng sinh học E5 RON 92-II,Đồng/lít,19720,20110
2019-12-16,"Điêzen 0,001S-V (DO 0,001S-V)",Đồng/lít,16360,16680
2019-12-16,"Điêzen 0,05S (DO 0.005S)",Đồng/lít,16060,16380
2019-12-31,Dầu hỏa,Đồng/lít,15580,15890
2019-12-31,"Mazút 180cst - 0,5S (RMG)",Đồng/kg,18210,18570
2019-12-31,"Mazút 380cst - 0,5S (RMG)",Đồng/kg,16910,17240
2019-12-31,"Mazút No2B (3,0S)",Đồng/kg,13420,13680
2019-12-31,"Mazút No2B (3,5S)",Đồng/kg,11920,11920
2019-12-31,Mazút No3 (380),Đồng/kg,11870,12100
2019-12-31,"Xăng RON 95-II,III",Đồng/lít,20990,21400
2019-12-31,Xăng RON 95-IV,Đồng/lít,21090,21510
2019-12-31,Xăng sinh học E5 RON 92-II,Đồng/lít,19880,20270
2019-12-31,"Điêzen 0,001S-V (DO 0,001S-V)",Đồng/lít,16890,17220
2019-12-31,"Điêzen 0,05S (DO 0.005S)",Đồng/lít,16590,16920
