ngay_ky,gia,nguon
2017-01-04,13750,webgia
2017-01-19,14040,webgia
2017-02-03,14020,webgia
2017-02-18,14300,webgia
2017-03-06,14440,webgia
2017-03-21,13830,webgia
2017-04-05,13460,webgia
2017-04-20,13810,webgia
2017-05-05,13600,webgia
2017-05-20,13260,webgia
2017-06-05,13480,webgia
2017-06-20,12830,webgia
2017-07-05,12950,webgia
2017-07-20,13320,webgia
2017-08-04,13790,webgia
2017-08-19,13790,webgia
2017-09-05,13950,webgia
2017-09-20,14440,webgia
2017-10-05,14580,webgia
2017-10-20,14410,webgia
2017-11-04,14610,webgia
2017-11-20,15010,webgia
2017-12-05,15160,webgia
2017-12-15,15160,webgia
2018-01-01,15160,webgia
2018-01-04,15520,webgia
2018-01-19,15950,webgia
2018-02-03,15950,webgia
2018-02-21,15710,webgia
2018-03-08,15710,webgia
2018-03-23,15710,webgia
2018-04-07,16350,webgia
2018-04-23,16730,webgia
2018-05-08,17100,webgia
2018-05-23,17690,webgia
2018-06-07,17690,webgia
2018-06-22,17460,webgia
2018-07-07,17450,webgia
2018-07-23,17240,webgia
2018-08-07,17530,webgia
2018-08-22,17680,luatvietnam
2018-09-06,18060,luatvietnam
2018-09-21,18120,luatvietnam
2018-10-06,18610,luatvietnam
2018-10-22,18610,luatvietnam
2018-11-06,18540,luatvietnam
2018-11-21,17630,luatvietnam
2018-12-06,16250,luatvietnam
2018-12-21,16000,luatvietnam
2019-01-01,14900,luatvietnam
2019-01-16,14900,luatvietnam
2019-01-31,14900,luatvietnam
2019-02-15,14900,luatvietnam
2019-03-02,15860,luatvietnam
2019-03-18,15860,luatvietnam
2019-04-02,17080,luatvietnam
2019-04-17,17380,luatvietnam
2019-05-02,17690,luatvietnam
2019-05-17,17610,luatvietnam
2019-06-01,17390,luatvietnam
2019-06-17,16650,luatvietnam
2019-07-02,16940,luatvietnam
2019-07-17,16990,luatvietnam
2019-08-01,17020,luatvietnam
2019-08-16,16500,luatvietnam
2019-08-31,16330,luatvietnam
2019-09-16,16200,luatvietnam
2019-10-01,16630,luatvietnam
2019-10-16,16220,luatvietnam
2019-10-31,16050,luatvietnam
2019-11-15,15960,luatvietnam
2019-11-30,15980,luatvietnam
2019-12-16,16060,luatvietnam
2019-12-31,16590,luatvietnam
2020-01-15,16540,luatvietnam
2020-01-30,16130,luatvietnam
2020-02-14,15170,luatvietnam
2020-02-29,14780,luatvietnam
2020-03-15,13030,luatvietnam
2020-03-29,11250,luatvietnam
2020-04-13,10820,luatvietnam
2020-04-28,9940,luatvietnam
2020-05-13,9850,luatvietnam
2020-05-28,10740,luatvietnam
2020-06-12,11510,luatvietnam
2020-06-27,12110,luatvietnam
2020-07-13,12110,luatvietnam
2020-07-28,12390,luatvietnam
2020-08-12,12200,luatvietnam
2020-08-27,11960,luatvietnam
2020-09-11,11510,luatvietnam
2020-09-26,11120,luatvietnam
2020-10-12,11120,luatvietnam
2020-10-27,11210,luatvietnam
2020-11-11,10830,luatvietnam
2020-11-26,11430,luatvietnam
2020-12-11,11890,luatvietnam
2020-12-26,12370,luatvietnam
2021-01-11,12640,luatvietnam
2021-01-26,13040,luatvietnam
2021-02-10,13040,luatvietnam
2021-02-25,13840,luatvietnam
2021-03-12,14400,luatvietnam
2021-03-27,14240,luatvietnam
2021-04-12,14140,luatvietnam
2021-04-27,14320,luatvietnam
2021-05-12,14770,luatvietnam
2021-05-27,14770,luatvietnam
2021-06-11,15440,luatvietnam
2021-06-26,16110,luatvietnam
2021-07-12,16530,luatvietnam
2021-07-27,16370,luatvietnam
2021-08-11,16170,luatvietnam
2021-08-26,15660,luatvietnam
2021-09-10,16020,luatvietnam
2021-09-25,16580,luatvietnam
2021-10-11,17540,luatvietnam
2021-10-26,18710,luatvietnam
2021-11-10,18710,luatvietnam
2021-11-25,18380,luatvietnam
2021-12-10,17330,luatvietnam
2021-12-25,17570,luatvietnam
2022-01-11,18230,luatvietnam
2022-01-21,18900,luatvietnam
2022-02-11,19860,luatvietnam
2022-02-21,20800,luatvietnam
2022-03-01,21310,luatvietnam
2022-03-11,25260,luatvietnam
2022-03-21,23630,luatvietnam
2022-04-01,25080,luatvietnam
2022-04-12,24380,luatvietnam
2022-04-21,25350,luatvietnam
2022-05-04,25530,luatvietnam
2022-05-11,26650,luatvietnam
2022-05-23,25550,luatvietnam
2022-06-01,26390,luatvietnam
2022-06-13,29020,luatvietnam
2022-06-21,30010,luatvietnam
2022-07-01,29610,luatvietnam
2022-07-11,26590,luatvietnam
2022-07-21,24850,luatvietnam
2022-08-01,23900,luatvietnam
2022-08-11,22900,luatvietnam
2022-08-22,23750,luatvietnam
2022-09-05,25180,luatvietnam
2022-09-12,24180,luatvietnam
2022-09-21,22530,luatvietnam
2022-10-03,22200,luatvietnam
2022-10-11,24180,luatvietnam
2022-10-21,24780,luatvietnam
2022-11-01,25070,luatvietnam
2022-11-11,24980,luatvietnam
2022-11-21,24800,luatvietnam
2022-12-01,23210,luatvietnam
2022-12-12,21670,luatvietnam
2022-12-21,21600,luatvietnam
2023-01-01,22150,luatvietnam
2023-01-03,22150,luatvietnam
2023-01-11,21630,luatvietnam
2023-01-30,22520,luatvietnam
2023-02-13,21560,luatvietnam
2023-02-21,20800,luatvietnam
2023-03-01,20250,luatvietnam
2023-03-13,20500,luatvietnam
2023-03-21,19300,luatvietnam
2023-04-03,19430,luatvietnam
2023-04-11,20140,luatvietnam
2023-04-21,19390,luatvietnam
2023-05-04,18250,luatvietnam
2023-05-11,17653,luatvietnam
2023-05-22,17954,luatvietnam
2023-06-01,17943,luatvietnam
2023-06-12,18028,luatvietnam
2023-06-21,18174,luatvietnam
2023-07-03,18169,luatvietnam
2023-07-11,18616,luatvietnam
2023-07-21,19500,luatvietnam
2023-08-01,20612,luatvietnam
2023-08-11,22425,luatvietnam
2023-08-21,22354,luatvietnam
2023-09-05,22640,luatvietnam
2023-09-11,23055,luatvietnam
2023-09-21,23594,luatvietnam
2023-10-02,23594,luatvietnam
2023-10-11,22410,luatvietnam
2023-10-23,22490,luatvietnam
2023-11-01,21940,luatvietnam
2023-11-13,20880,luatvietnam
2023-11-23,20280,luatvietnam
2023-11-30,20196,luatvietnam
2023-12-07,19720,luatvietnam
2023-12-14,19000,luatvietnam
2023-12-21,19524,luatvietnam
2023-12-28,19780,luatvietnam
2024-01-04,19368,luatvietnam
2024-01-11,19700,luatvietnam
2024-01-18,20194,luatvietnam
2024-01-25,20370,luatvietnam
2024-02-01,20990,luatvietnam
2024-02-08,20707,luatvietnam
2024-02-15,21361,luatvietnam
2024-02-22,20910,luatvietnam
2024-02-29,20770,luatvietnam
2024-03-07,20470,luatvietnam
2024-03-14,20540,luatvietnam
2024-03-21,21014,luatvietnam
2024-03-28,20690,luatvietnam
2024-04-04,20980,luatvietnam
2024-04-11,21610,luatvietnam
2024-04-18,21440,luatvietnam
2024-04-25,20710,luatvietnam
2024-05-02,20600,luatvietnam
2024-05-09,19840,luatvietnam
2024-05-16,19870,luatvietnam
2024-05-23,19837,luatvietnam
2024-05-30,19747,luatvietnam
2024-06-06,19422,luatvietnam
2024-06-13,19640,luatvietnam
2024-06-20,20360,luatvietnam
2024-06-27,20680,luatvietnam
2024-07-04,21170,luatvietnam
2024-07-11,20830,luatvietnam
2024-07-18,20500,luatvietnam
2024-07-25,20190,luatvietnam
2024-08-01,19870,luatvietnam
2024-08-08,19140,luatvietnam
2024-08-15,19230,luatvietnam
2024-08-22,18770,luatvietnam
2024-08-29,18470,luatvietnam
2024-09-05,18090,luatvietnam
2024-09-12,17160,luatvietnam
2024-09-19,17040,luatvietnam
2024-09-26,17500,luatvietnam
2024-10-03,17400,luatvietnam
2024-10-10,18500,luatvietnam
2024-10-17,18320,luatvietnam
2024-10-24,18050,luatvietnam
2024-10-31,18140,luatvietnam
2024-11-07,18910,luatvietnam
2024-11-14,18570,luatvietnam
2024-11-21,18500,luatvietnam
2024-11-28,18770,luatvietnam
2024-12-05,18380,luatvietnam
2024-12-12,18250,luatvietnam
2024-12-19,18730,luatvietnam
2024-12-26,18630,luatvietnam
2025-01-02,18750,luatvietnam
2025-01-09,19240,luatvietnam
2025-01-16,19780,luatvietnam
2025-01-23,20190,luatvietnam
2025-02-01,19240,luatvietnam
2025-02-06,19050,luatvietnam
2025-02-13,19070,luatvietnam
2025-02-20,19060,luatvietnam
2025-02-27,18950,luatvietnam
2025-03-06,18330,luatvietnam
2025-03-13,17890,luatvietnam
2025-03-20,17890,luatvietnam
2025-03-27,18210,luatvietnam
2025-04-03,18470,luatvietnam
2025-04-10,17240,luatvietnam
2025-04-17,17030,luatvietnam
2025-04-24,17520,luatvietnam
2025-05-05,17350,luatvietnam
2025-05-08,16800,luatvietnam
2025-05-15,17220,luatvietnam
2025-05-22,17400,luatvietnam
2025-05-29,17130,luatvietnam
2025-06-05,17420,luatvietnam
2025-06-12,17700,luatvietnam
2025-06-19,19150,luatvietnam
2025-06-26,19340,luatvietnam
2025-07-03,18400,luatvietnam
2025-07-10,18830,luatvietnam
2025-07-17,18790,luatvietnam
2025-07-24,19120,luatvietnam
2025-07-31,19060,luatvietnam
2025-08-07,18800,luatvietnam
2025-08-14,18070,luatvietnam
2025-08-21,17900,luatvietnam
2025-08-28,18350,luatvietnam
2025-09-04,18470,luatvietnam
2025-09-11,18640,luatvietnam
2025-09-18,18700,luatvietnam
2025-09-25,18650,luatvietnam
2025-10-02,19030,luatvietnam
2025-10-09,18600,luatvietnam
2025-10-16,18420,luatvietnam
2025-10-23,17880,luatvietnam
2025-10-30,19200,luatvietnam
2025-11-06,19320,luatvietnam
2025-11-13,19860,luatvietnam
2025-11-20,19820,luatvietnam
2025-11-27,18800,luatvietnam
2025-12-04,18380,luatvietnam
2025-12-11,18150,luatvietnam
2025-12-18,17470,luatvietnam
2025-12-25,17250,luatvietnam
2025-12-31,17250,luatvietnam
2026-01-08,17060,luatvietnam
2026-01-15,17280,luatvietnam
2026-01-22,17700,luatvietnam
2026-01-29,18170,luatvietnam
2026-02-05,18450,luatvietnam
2026-02-12,18460,luatvietnam
2026-02-20,18520,luatvietnam
2026-02-26,19270,luatvietnam
2026-03-05,23030,luatvietnam
2026-03-07,30230,luatvietnam
2026-03-11,26470,luatvietnam
2026-03-12,27020,luatvietnam
2026-03-19,33420,luatvietnam
2026-03-24,39660,luatvietnam
2026-03-25,37890,luatvietnam
2026-03-27,35440,luatvietnam
2026-04-02,40820,luatvietnam
2026-04-03,44780,luatvietnam
2026-04-08,42840,luatvietnam
2026-04-09,32960,luatvietnam
2026-04-16,31040,luatvietnam
2026-04-21,27850,luatvietnam
2026-04-23,26690,luatvietnam
2026-04-29,28170,luatvietnam
2026-05-07,27490,luatvietnam
2026-05-14,27220,luatvietnam
2026-05-21,28760,luatvietnam
2026-05-28,27650,luatvietnam
