ngay_ky,available_from,gia,nguon,gia_lag1,gia_ret,outlier_flag,diesel_current,diesel_lag1m,diesel_lag2m,diesel_lag3m,diesel_chg_1m,diesel_chg_3m
2020-01-15,2020-01-15,16540,luatvietnam,16590.0,-0.003013863773357439,0,16540,15980.0,15960.0,16630.0,0.03504380475594493,-0.0054119061936259705
2020-01-30,2020-01-30,16130,luatvietnam,16540.0,-0.024788391777509022,0,16130,16060.0,15980.0,16220.0,0.004358655043586568,-0.0055487053020961685
2020-02-14,2020-02-14,15170,luatvietnam,16130.0,-0.05951642901425913,0,15170,16590.0,15980.0,16050.0,-0.08559373116335145,-0.0548286604361371
2020-02-29,2020-02-29,14780,luatvietnam,15170.0,-0.02570863546473301,0,14780,16540.0,16060.0,15960.0,-0.10640870616686815,-0.07393483709273185
2020-03-15,2020-03-15,13030,luatvietnam,14780.0,-0.118403247631935,0,13030,15170.0,16540.0,15980.0,-0.1410678971654581,-0.18460575719649563
2020-03-29,2020-03-29,11250,luatvietnam,13030.0,-0.13660782808902527,1,11250,14780.0,16540.0,16060.0,-0.23883626522327472,-0.29950186799501866
2020-04-13,2020-04-13,10820,luatvietnam,11250.0,-0.03822222222222227,0,10820,14780.0,16130.0,16590.0,-0.2679296346414073,-0.3477998794454491
2020-04-28,2020-04-28,9940,luatvietnam,10820.0,-0.08133086876155271,0,9940,13030.0,15170.0,16540.0,-0.23714504988488105,-0.3990326481257558
2020-05-13,2020-05-13,9850,luatvietnam,9940.0,-0.00905432595573441,0,9850,10820.0,14780.0,16130.0,-0.08964879852125696,-0.38933663980161193
2020-05-28,2020-05-28,10740,luatvietnam,9850.0,0.09035532994923856,0,10740,9940.0,13030.0,15170.0,0.08048289738430592,-0.2920237310481213
2020-06-12,2020-06-12,11510,luatvietnam,10740.0,0.07169459962756042,0,11510,9940.0,11250.0,14780.0,0.15794768611670018,-0.22124492557510145
2020-06-27,2020-06-27,12110,luatvietnam,11510.0,0.052128583840139076,0,12110,9850.0,10820.0,13030.0,0.2294416243654822,-0.07060629316960865
2020-07-13,2020-07-13,12110,luatvietnam,12110.0,0.0,0,12110,11510.0,9850.0,10820.0,0.052128583840139076,0.11922365988909434
2020-07-28,2020-07-28,12390,luatvietnam,12110.0,0.023121387283236983,0,12390,12110.0,10740.0,9940.0,0.023121387283236983,0.2464788732394365
2020-08-12,2020-08-12,12200,luatvietnam,12390.0,-0.015334947538337418,0,12200,12110.0,11510.0,9940.0,0.007431874483897705,0.22736418511066403
2020-08-27,2020-08-27,11960,luatvietnam,12200.0,-0.01967213114754096,0,11960,12110.0,12110.0,9850.0,-0.012386457473162693,0.2142131979695432
2020-09-11,2020-09-11,11510,luatvietnam,11960.0,-0.0376254180602007,0,11510,12390.0,12110.0,10740.0,-0.07102502017756251,0.07169459962756042
2020-09-26,2020-09-26,11120,luatvietnam,11510.0,-0.03388357949609033,0,11120,12200.0,12110.0,11510.0,-0.08852459016393444,-0.03388357949609033
2020-10-12,2020-10-12,11120,luatvietnam,11120.0,0.0,0,11120,11510.0,12200.0,12110.0,-0.03388357949609033,-0.08175061932287364
2020-10-27,2020-10-27,11210,luatvietnam,11120.0,0.008093525179856176,0,11210,11120.0,11960.0,12110.0,0.008093525179856176,-0.07431874483897605
2020-11-11,2020-11-11,10830,luatvietnam,11210.0,-0.03389830508474578,0,10830,11120.0,11510.0,12390.0,-0.02607913669064743,-0.12590799031476996
2020-11-26,2020-11-26,11430,luatvietnam,10830.0,0.05540166204986141,0,11430,11120.0,11120.0,12200.0,0.027877697841726556,-0.06311475409836065
2020-12-11,2020-12-11,11890,luatvietnam,11430.0,0.0402449693788276,0,11890,10830.0,11120.0,11510.0,0.09787626962142193,0.03301476976542128
2020-12-26,2020-12-26,12370,luatvietnam,11890.0,0.04037005887300249,0,12370,11430.0,11120.0,11120.0,0.08223972003499558,0.11241007194244612
2021-01-11,2021-01-11,12640,luatvietnam,12370.0,0.021827000808407382,0,12640,11890.0,10830.0,11120.0,0.06307821698906646,0.13669064748201443
2021-01-26,2021-01-26,13040,luatvietnam,12640.0,0.03164556962025311,0,13040,12370.0,11430.0,11120.0,0.05416329830234434,0.17266187050359716
2021-02-10,2021-02-10,13040,luatvietnam,13040.0,0.0,0,13040,12370.0,11430.0,11210.0,0.05416329830234434,0.16324710080285465
2021-02-25,2021-02-25,13840,luatvietnam,13040.0,0.06134969325153383,0,13840,12640.0,11890.0,10830.0,0.09493670886075956,0.27793167128347185
2021-03-12,2021-03-12,14400,luatvietnam,13840.0,0.040462427745664664,0,14400,13040.0,12640.0,11890.0,0.10429447852760743,0.2111017661900756
2021-03-27,2021-03-27,14240,luatvietnam,14400.0,-0.011111111111111072,0,14240,13840.0,13040.0,12370.0,0.028901734104046284,0.15117219078415522
2021-04-12,2021-04-12,14140,luatvietnam,14240.0,-0.0070224719101124045,0,14140,14400.0,13040.0,12640.0,-0.018055555555555602,0.11867088607594933
2021-04-27,2021-04-27,14320,luatvietnam,14140.0,0.012729844413012836,0,14320,14240.0,13840.0,13040.0,0.00561797752808979,0.09815950920245409
2021-05-12,2021-05-12,14770,luatvietnam,14320.0,0.03142458100558665,0,14770,14140.0,14400.0,13040.0,0.044554455445544594,0.13266871165644178
2021-05-27,2021-05-27,14770,luatvietnam,14770.0,0.0,0,14770,14320.0,14240.0,13840.0,0.03142458100558665,0.06719653179190743
2021-06-11,2021-06-11,15440,luatvietnam,14770.0,0.04536222071767093,0,15440,14320.0,14240.0,13840.0,0.07821229050279332,0.11560693641618491
2021-06-26,2021-06-26,16110,luatvietnam,15440.0,0.04339378238341962,0,16110,14770.0,14140.0,14400.0,0.09072444143534186,0.11874999999999991
2021-07-12,2021-07-12,16530,luatvietnam,16110.0,0.026070763500931182,0,16530,15440.0,14770.0,14140.0,0.07059585492227982,0.16902404526166892
2021-07-27,2021-07-27,16370,luatvietnam,16530.0,-0.009679370840895318,0,16370,16110.0,14770.0,14320.0,0.01613904407200506,0.14315642458100553
2021-08-11,2021-08-11,16170,luatvietnam,16370.0,-0.012217470983506451,0,16170,16110.0,15440.0,14320.0,0.003724394785847407,0.12918994413407825
2021-08-26,2021-08-26,15660,luatvietnam,16170.0,-0.03153988868274582,0,15660,16530.0,16110.0,14770.0,-0.052631578947368474,0.060257278266756975
2021-09-10,2021-09-10,16020,luatvietnam,15660.0,0.02298850574712641,0,16020,16370.0,16110.0,14770.0,-0.02138057422113626,0.08463100880162489
2021-09-25,2021-09-25,16580,luatvietnam,16020.0,0.03495630461922605,0,16580,16170.0,16530.0,15440.0,0.02535559678416832,0.07383419689119175
2021-10-11,2021-10-11,17540,luatvietnam,16580.0,0.0579010856453559,0,17540,16020.0,16170.0,16110.0,0.09488139825218478,0.08876474239602739
2021-10-26,2021-10-26,18710,luatvietnam,17540.0,0.0667046750285063,0,18710,16580.0,15660.0,16530.0,0.1284680337756332,0.13188142770719913
2021-11-10,2021-11-10,18710,luatvietnam,18710.0,0.0,0,18710,16580.0,16020.0,16370.0,0.1284680337756332,0.142944410507025
2021-11-25,2021-11-25,18380,luatvietnam,18710.0,-0.01763762693746662,0,18380,17540.0,16580.0,16170.0,0.047890535917902044,0.1366728509585653
2021-12-10,2021-12-10,17330,luatvietnam,18380.0,-0.0571273122959739,0,17330,18710.0,16580.0,16020.0,-0.073757349011224,0.08177278401997512
2021-12-25,2021-12-25,17570,luatvietnam,17330.0,0.013848817080207798,0,17570,18380.0,17540.0,16580.0,-0.04406964091403698,0.05971049457177324
2022-01-11,2022-01-11,18230,luatvietnam,17570.0,0.037564029595902104,0,18230,17330.0,18710.0,17540.0,0.05193306405077891,0.03933865450399088
2022-01-21,2022-01-21,18900,luatvietnam,18230.0,0.036752605595172794,0,18900,17330.0,18710.0,17540.0,0.09059434506635888,0.07753705815279366
2022-02-11,2022-02-11,19860,luatvietnam,18900.0,0.050793650793650835,0,19860,18230.0,17330.0,18710.0,0.08941305540318156,0.061464457509353254
2022-02-21,2022-02-21,20800,luatvietnam,19860.0,0.04733131923464251,0,20800,18900.0,17330.0,18710.0,0.10052910052910047,0.11170497060395501
2022-03-01,2022-03-01,21310,luatvietnam,20800.0,0.024519230769230793,0,21310,18900.0,17570.0,18380.0,0.12751322751322758,0.15941240478781293
2022-03-11,2022-03-11,25260,luatvietnam,21310.0,0.1853589863913656,1,25260,19860.0,18230.0,17330.0,0.27190332326283984,0.45758799769186376
2022-03-21,2022-03-21,23630,luatvietnam,25260.0,-0.06452889944576401,0,23630,20800.0,18900.0,17330.0,0.13605769230769238,0.36353144835545304
2022-04-01,2022-04-01,25080,luatvietnam,23630.0,0.06136267456622946,0,25080,21310.0,18900.0,17570.0,0.17691224777099945,0.42743312464427996
2022-04-12,2022-04-12,24380,luatvietnam,25080.0,-0.027910685805422664,0,24380,25260.0,19860.0,18230.0,-0.034837688044338844,0.33735600658255627
2022-04-21,2022-04-21,25350,luatvietnam,24380.0,0.03978671041837578,0,25350,23630.0,20800.0,18900.0,0.07278882776132045,0.34126984126984117
2022-05-04,2022-05-04,25530,luatvietnam,25350.0,0.007100591715976323,0,25530,25080.0,21310.0,18900.0,0.017942583732057482,0.3507936507936509
2022-05-11,2022-05-11,26650,luatvietnam,25530.0,0.04386995691343509,0,26650,25080.0,25260.0,19860.0,0.06259968102073366,0.34189325276938565
2022-05-23,2022-05-23,25550,luatvietnam,26650.0,-0.0412757973733584,0,25550,25350.0,23630.0,20800.0,0.007889546351084853,0.22836538461538458
2022-06-01,2022-06-01,26390,luatvietnam,25550.0,0.03287671232876721,0,26390,25350.0,25080.0,21310.0,0.0410256410256411,0.23838573439699662
2022-06-13,2022-06-13,29020,luatvietnam,26390.0,0.09965896172792732,0,29020,26650.0,24380.0,25260.0,0.08893058161350842,0.14885193982581146
2022-06-21,2022-06-21,30010,luatvietnam,29020.0,0.03411440385940723,0,30010,26650.0,25350.0,23630.0,0.12607879924953092,0.2699957680914091
2022-07-01,2022-07-01,29610,luatvietnam,30010.0,-0.013328890369876722,0,29610,26390.0,25350.0,25080.0,0.12201591511936338,0.18062200956937802
2022-07-11,2022-07-11,26590,luatvietnam,29610.0,-0.10199257007767648,0,26590,26390.0,26650.0,25080.0,0.007578628268283483,0.06020733652312593
2022-07-21,2022-07-21,24850,luatvietnam,26590.0,-0.06543813463708159,0,24850,30010.0,26650.0,25350.0,-0.17194268577140948,-0.01972386587771202
2022-08-01,2022-08-01,23900,luatvietnam,24850.0,-0.0382293762575453,0,23900,29610.0,26390.0,25350.0,-0.1928402566700439,-0.05719921104536485
2022-08-11,2022-08-11,22900,luatvietnam,23900.0,-0.04184100418410042,0,22900,26590.0,26390.0,26650.0,-0.13877397517863854,-0.14071294559099434
2022-08-22,2022-08-22,23750,luatvietnam,22900.0,0.037117903930131035,0,23750,24850.0,30010.0,26650.0,-0.044265593561368166,-0.10881801125703561
2022-09-05,2022-09-05,25180,luatvietnam,23750.0,0.06021052631578949,0,25180,23900.0,29610.0,26390.0,0.0535564853556485,-0.04585070102311484
2022-09-12,2022-09-12,24180,luatvietnam,25180.0,-0.039714058776807004,0,24180,22900.0,26590.0,26390.0,0.05589519650655017,-0.08374384236453203
2022-09-21,2022-09-21,22530,luatvietnam,24180.0,-0.06823821339950376,0,22530,22900.0,24850.0,30010.0,-0.01615720524017472,-0.24925024991669442
2022-10-03,2022-10-03,22200,luatvietnam,22530.0,-0.01464713715046606,0,22200,23750.0,23900.0,29610.0,-0.0652631578947368,-0.25025329280648434
2022-10-11,2022-10-11,24180,luatvietnam,22200.0,0.08918918918918917,0,24180,25180.0,22900.0,26590.0,-0.039714058776807004,-0.09063557728469351
2022-10-21,2022-10-21,24780,luatvietnam,24180.0,0.02481389578163773,0,24780,22530.0,22900.0,24850.0,0.09986684420772307,-0.0028169014084507005
2022-11-01,2022-11-01,25070,luatvietnam,24780.0,0.011702986279257477,1,25070,22530.0,23750.0,23900.0,0.11273857079449612,0.048953974895397545
2022-11-11,2022-11-11,24980,luatvietnam,25070.0,-0.0035899481451934223,1,24980,24180.0,25180.0,22900.0,0.033085194375517046,0.09082969432314414
2022-11-21,2022-11-21,24800,luatvietnam,24980.0,-0.007205764611689314,0,24800,24780.0,22530.0,22900.0,0.0008071025020177647,0.08296943231441056
2022-12-01,2022-12-01,23210,luatvietnam,24800.0,-0.06411290322580643,0,23210,25070.0,22530.0,23750.0,-0.0741922616673315,-0.022736842105263166
2022-12-12,2022-12-12,21670,luatvietnam,23210.0,-0.06635071090047395,0,21670,24980.0,24180.0,24180.0,-0.1325060048038431,-0.10380479735318449
2022-12-21,2022-12-21,21600,luatvietnam,21670.0,-0.0032302722658053007,1,21600,24800.0,24780.0,22530.0,-0.12903225806451613,-0.04127829560585883
2023-01-01,2023-01-01,22150,luatvietnam,21600.0,0.02546296296296302,0,22150,23210.0,25070.0,22530.0,-0.04566996984058591,-0.016866400355082134
2023-01-03,2023-01-03,22150,luatvietnam,22150.0,0.0,0,22150,23210.0,25070.0,22200.0,-0.04566996984058591,-0.0022522522522522292
2023-01-11,2023-01-11,21630,luatvietnam,22150.0,-0.02347629796839734,0,21630,23210.0,24980.0,24180.0,-0.06807410598879793,-0.10545905707196035
2023-01-30,2023-01-30,22520,luatvietnam,21630.0,0.041146555709662413,0,22520,21600.0,24800.0,24780.0,0.042592592592592515,-0.09120258272800641
2023-02-13,2023-02-13,21560,luatvietnam,22520.0,-0.04262877442273538,0,21560,21630.0,21670.0,24980.0,-0.003236245954692518,-0.13690952762209763
2023-02-21,2023-02-21,20800,luatvietnam,21560.0,-0.03525046382189234,0,20800,21630.0,21600.0,24800.0,-0.038372630605640334,-0.16129032258064513
2023-03-01,2023-03-01,20250,luatvietnam,20800.0,-0.02644230769230771,0,20250,22520.0,22150.0,23210.0,-0.10079928952042627,-0.12753123653597587
2023-03-13,2023-03-13,20500,luatvietnam,20250.0,0.012345679012345734,0,20500,21560.0,21630.0,21670.0,-0.04916512059369205,-0.053991693585602185
2023-03-21,2023-03-21,19300,luatvietnam,20500.0,-0.05853658536585371,0,19300,20800.0,21630.0,21600.0,-0.07211538461538458,-0.10648148148148151
2023-04-03,2023-04-03,19430,luatvietnam,19300.0,0.006735751295336767,0,19430,20250.0,22520.0,22150.0,-0.04049382716049388,-0.12279909706546277
2023-04-11,2023-04-11,20140,luatvietnam,19430.0,0.036541430777148776,0,20140,20250.0,22520.0,21630.0,-0.005432098765432047,-0.06888580674988443
2023-04-21,2023-04-21,19390,luatvietnam,20140.0,-0.037239324726911605,0,19390,19300.0,20800.0,21630.0,0.004663212435233266,-0.1035598705501618
2023-05-04,2023-05-04,18250,luatvietnam,19390.0,-0.0587931923671996,0,18250,19430.0,20250.0,22520.0,-0.06073082861554302,-0.18960923623445824
2023-05-11,2023-05-11,17653,luatvietnam,18250.0,-0.03271232876712327,0,17653,20140.0,20250.0,22520.0,-0.12348560079443893,-0.21611900532859685
2023-05-22,2023-05-22,17954,luatvietnam,17653.0,0.01705092618818327,0,17954,19390.0,19300.0,20800.0,-0.07405879319236719,-0.13682692307692312
2023-06-01,2023-06-01,17943,luatvietnam,17954.0,-0.0006126768408154515,1,17943,19390.0,19300.0,20250.0,-0.07462609592573488,-0.11392592592592587
2023-06-12,2023-06-12,18028,luatvietnam,17943.0,0.004737223429749804,0,18028,17653.0,20140.0,20250.0,0.021242848241092238,-0.10972839506172838
2023-06-21,2023-06-21,18174,luatvietnam,18028.0,0.00809851342356338,0,18174,17653.0,19390.0,19300.0,0.029513397156290644,-0.05834196891191712
2023-07-03,2023-07-03,18169,luatvietnam,18174.0,-0.0002751183008693481,0,18169,17943.0,19390.0,19430.0,0.012595441119099382,-0.06489963973237267
2023-07-11,2023-07-11,18616,luatvietnam,18169.0,0.02460234465298039,0,18616,17943.0,17653.0,20140.0,0.03750766315554821,-0.07567030784508444
2023-07-21,2023-07-21,19500,luatvietnam,18616.0,0.04748603351955305,0,19500,18174.0,17653.0,19390.0,0.07296137339055786,0.005673027333677139
2023-08-01,2023-08-01,20612,luatvietnam,19500.0,0.057025641025641116,0,20612,18174.0,17943.0,19390.0,0.1341476835039066,0.06302217637957708
2023-08-11,2023-08-11,22425,luatvietnam,20612.0,0.08795847079371244,0,22425,18616.0,17943.0,17653.0,0.20460893854748607,0.27032232481731144
2023-08-21,2023-08-21,22354,luatvietnam,22425.0,-0.0031661092530658186,0,22354,19500.0,18174.0,17653.0,0.14635897435897438,0.26630034555033144
2023-09-05,2023-09-05,22640,luatvietnam,22354.0,0.012794130804330228,0,22640,20612.0,18169.0,17943.0,0.09838928779351841,0.2617733935239368
2023-09-11,2023-09-11,23055,luatvietnam,22640.0,0.018330388692579414,0,23055,22425.0,18616.0,17943.0,0.02809364548494986,0.28490219026918573
2023-09-21,2023-09-21,23594,luatvietnam,23055.0,0.02337887659943605,1,23594,22354.0,19500.0,18174.0,0.05547105663415941,0.2982282381424013
2023-10-02,2023-10-02,23594,luatvietnam,23594.0,0.0,1,23594,22354.0,20612.0,18174.0,0.05547105663415941,0.2982282381424013
2023-10-11,2023-10-11,22410,luatvietnam,23594.0,-0.050182249724506245,0,22410,23055.0,22425.0,18616.0,-0.02797657774886142,0.2038031800601634
2023-10-23,2023-10-23,22490,luatvietnam,22410.0,0.0035698348951360703,0,22490,23594.0,22354.0,19500.0,-0.046791557175553056,0.15333333333333332
2023-11-01,2023-11-01,21940,luatvietnam,22490.0,-0.024455313472654505,0,21940,23594.0,22354.0,20612.0,-0.07010256844960583,0.0644284882592665
2023-11-13,2023-11-13,20880,luatvietnam,21940.0,-0.04831358249772111,0,20880,22410.0,23055.0,22425.0,-0.06827309236947787,-0.06889632107023413
2023-11-23,2023-11-23,20280,luatvietnam,20880.0,-0.028735632183908066,0,20280,22490.0,23594.0,22354.0,-0.09826589595375723,-0.09277981569294091
2023-11-30,2023-11-30,20196,luatvietnam,20280.0,-0.004142011834319503,0,20196,22490.0,23594.0,22354.0,-0.10200088928412632,-0.09653753243267427
2023-12-07,2023-12-07,19720,luatvietnam,20196.0,-0.023569023569023573,0,19720,21940.0,23594.0,22640.0,-0.10118505013673651,-0.12897526501766787
2023-12-14,2023-12-14,19000,luatvietnam,19720.0,-0.0365111561866126,1,19000,20880.0,22410.0,23055.0,-0.0900383141762452,-0.17588375623509
2023-12-21,2023-12-21,19524,luatvietnam,19000.0,0.027578947368421147,0,19524,20880.0,22410.0,23594.0,-0.06494252873563222,-0.1725014834279902
2023-12-28,2023-12-28,19780,luatvietnam,19524.0,0.013112067199344324,0,19780,20280.0,22490.0,23594.0,-0.024654832347140054,-0.16165126727134016
2024-01-04,2024-01-04,19368,luatvietnam,19780.0,-0.020829120323559103,0,19368,20196.0,21940.0,23594.0,-0.04099821746880572,-0.17911333389844875
2024-01-11,2024-01-11,19700,luatvietnam,19368.0,0.017141676992978194,0,19700,19720.0,21940.0,22410.0,-0.0010141987829614951,-0.12092815707273541
2024-01-18,2024-01-18,20194,luatvietnam,19700.0,0.025076142131979617,0,20194,19000.0,20880.0,22410.0,0.06284210526315781,-0.09888442659526997
2024-01-25,2024-01-25,20370,luatvietnam,20194.0,0.008715460037634903,0,20370,19524.0,20280.0,22490.0,0.04333128457283353,-0.09426411738550466
2024-02-01,2024-02-01,20990,luatvietnam,20370.0,0.03043691703485507,0,20990,19780.0,20196.0,21940.0,0.06117290192113245,-0.043299908842297175
2024-02-08,2024-02-08,20707,luatvietnam,20990.0,-0.013482610767031944,0,20707,19368.0,19720.0,21940.0,0.06913465510119776,-0.0561987237921604
2024-02-15,2024-02-15,21361,luatvietnam,20707.0,0.0315835224803207,0,21361,19700.0,19000.0,20880.0,0.08431472081218283,0.023036398467432884
2024-02-22,2024-02-22,20910,luatvietnam,21361.0,-0.021113243761996192,0,20910,20194.0,19524.0,20880.0,0.035456076062196695,0.001436781609195359
2024-02-29,2024-02-29,20770,luatvietnam,20910.0,-0.006695361071257788,0,20770,20370.0,19780.0,20280.0,0.019636720667648433,0.024161735700197307
2024-03-07,2024-03-07,20470,luatvietnam,20770.0,-0.014443909484833872,0,20470,20990.0,19368.0,19720.0,-0.024773701762744182,0.038032454361054846
2024-03-14,2024-03-14,20540,luatvietnam,20470.0,0.0034196384953590897,0,20540,20707.0,19700.0,19000.0,-0.008064905587482518,0.08105263157894727
2024-03-21,2024-03-21,21014,luatvietnam,20540.0,0.023076923076922995,0,21014,21361.0,20194.0,19524.0,-0.01624455783905243,0.07631632862118409
2024-03-28,2024-03-28,20690,luatvietnam,21014.0,-0.015418292566860226,0,20690,20910.0,20370.0,19780.0,-0.010521281683405048,0.046006066734074924
2024-04-04,2024-04-04,20980,luatvietnam,20690.0,0.014016433059448996,0,20980,20770.0,20990.0,19368.0,0.010110736639383777,0.0832300702189177
2024-04-11,2024-04-11,21610,luatvietnam,20980.0,0.030028598665395645,0,21610,20470.0,20707.0,19700.0,0.055691255495847525,0.09695431472081228
2024-04-18,2024-04-18,21440,luatvietnam,21610.0,-0.007866728366497044,1,21440,20540.0,21361.0,20194.0,0.043816942551119675,0.061701495493710956
2024-04-25,2024-04-25,20710,luatvietnam,21440.0,-0.03404850746268662,0,20710,21014.0,20910.0,20370.0,-0.01446654611211573,0.016691212567501168
2024-05-02,2024-05-02,20600,luatvietnam,20710.0,-0.005311443746982114,0,20600,20690.0,20770.0,20990.0,-0.004349927501208328,-0.018580276322058165
2024-05-09,2024-05-09,19840,luatvietnam,20600.0,-0.03689320388349515,0,19840,20980.0,20470.0,20707.0,-0.0543374642516683,-0.041869899067948024
2024-05-16,2024-05-16,19870,luatvietnam,19840.0,0.0015120967741935054,0,19870,21610.0,20540.0,21361.0,-0.08051827857473393,-0.06980010299143302
2024-05-23,2024-05-23,19837,luatvietnam,19870.0,-0.0016607951685958522,0,19837,21440.0,21014.0,20910.0,-0.07476679104477613,-0.05131516021042559
2024-05-30,2024-05-30,19747,luatvietnam,19837.0,-0.004536976357312095,0,19747,20710.0,20690.0,20770.0,-0.04649927571221635,-0.04925373134328359
2024-06-06,2024-06-06,19422,luatvietnam,19747.0,-0.016458196181698526,0,19422,20600.0,20980.0,20770.0,-0.05718446601941751,-0.06490129995185367
2024-06-13,2024-06-13,19640,luatvietnam,19422.0,0.011224384718360625,0,19640,19840.0,21610.0,20470.0,-0.01008064516129037,-0.04054714215925748
2024-06-20,2024-06-20,20360,luatvietnam,19640.0,0.03665987780040725,0,20360,19870.0,21440.0,20540.0,0.024660291897332653,-0.008763388510223957
2024-06-27,2024-06-27,20680,luatvietnam,20360.0,0.015717092337917515,0,20680,19837.0,20710.0,21014.0,0.04249634521348988,-0.015894165794232418
2024-07-04,2024-07-04,21170,luatvietnam,20680.0,0.023694390715667257,0,21170,19747.0,20600.0,20980.0,0.07206157897402132,0.009056244041944606
2024-07-11,2024-07-11,20830,luatvietnam,21170.0,-0.01606046291922536,0,20830,19422.0,19840.0,21610.0,0.072495108639687,-0.036094400740397936
2024-07-18,2024-07-18,20500,luatvietnam,20830.0,-0.015842534805568853,0,20500,19640.0,19870.0,21440.0,0.04378818737270884,-0.043843283582089554
2024-07-25,2024-07-25,20190,luatvietnam,20500.0,-0.015121951219512209,0,20190,20360.0,19837.0,20710.0,-0.008349705304518618,-0.025108643167551903
2024-08-01,2024-08-01,19870,luatvietnam,20190.0,-0.015849430411094656,0,19870,20680.0,19747.0,20710.0,-0.039168278529980616,-0.040560115886045356
2024-08-08,2024-08-08,19140,luatvietnam,19870.0,-0.03673880221439352,0,19140,21170.0,19422.0,20600.0,-0.09589041095890416,-0.07087378640776698
2024-08-15,2024-08-15,19230,luatvietnam,19140.0,0.004702194357366851,0,19230,20830.0,19640.0,19840.0,-0.07681228996639466,-0.030745967741935498
2024-08-22,2024-08-22,18770,luatvietnam,19230.0,-0.023920956838273555,0,18770,20500.0,20360.0,19870.0,-0.08439024390243899,-0.05535983895319574
2024-08-29,2024-08-29,18470,luatvietnam,18770.0,-0.01598295151838036,0,18470,20190.0,20680.0,19837.0,-0.08519068845963351,-0.06891162978272924
2024-09-05,2024-09-05,18090,luatvietnam,18470.0,-0.02057390362750411,0,18090,19870.0,21170.0,19747.0,-0.08958228485153497,-0.08391148022484429
2024-09-12,2024-09-12,17160,luatvietnam,18090.0,-0.051409618573797666,0,17160,19140.0,20830.0,19422.0,-0.10344827586206895,-0.11646586345381527
2024-09-19,2024-09-19,17040,luatvietnam,17160.0,-0.006993006993006978,0,17040,19230.0,20500.0,19640.0,-0.11388455538221531,-0.13238289205702647
2024-09-26,2024-09-26,17500,luatvietnam,17040.0,0.02699530516431925,0,17500,18770.0,20190.0,20360.0,-0.06766116142781031,-0.14047151277013747
2024-10-03,2024-10-03,17400,luatvietnam,17500.0,-0.005714285714285672,0,17400,18470.0,19870.0,20680.0,-0.057931781266919335,-0.15860735009671179
2024-10-10,2024-10-10,18500,luatvietnam,17400.0,0.06321839080459779,0,18500,18090.0,19140.0,21170.0,0.022664455500276404,-0.12612187057156354
2024-10-17,2024-10-17,18320,luatvietnam,18500.0,-0.009729729729729741,0,18320,17160.0,19230.0,20830.0,0.06759906759906764,-0.1204992798847816
2024-10-24,2024-10-24,18050,luatvietnam,18320.0,-0.014737991266375539,0,18050,17040.0,18770.0,20500.0,0.05927230046948351,-0.11951219512195121
2024-10-31,2024-10-31,18140,luatvietnam,18050.0,0.00498614958448762,0,18140,17500.0,18470.0,20190.0,0.03657142857142848,-0.10153541357107476
2024-11-07,2024-11-07,18910,luatvietnam,18140.0,0.04244762954796033,0,18910,17400.0,18090.0,19870.0,0.08678160919540234,-0.04831404126824357
2024-11-14,2024-11-14,18570,luatvietnam,18910.0,-0.017979904812268632,0,18570,18500.0,17160.0,19140.0,0.003783783783783745,-0.029780564263322873
2024-11-21,2024-11-21,18500,luatvietnam,18570.0,-0.003769520732364029,0,18500,18320.0,17040.0,19230.0,0.009825327510917026,-0.037961518460738475
2024-11-28,2024-11-28,18770,luatvietnam,18500.0,0.014594594594594668,0,18770,18050.0,17500.0,18770.0,0.039889196675900296,0.0
2024-12-05,2024-12-05,18380,luatvietnam,18770.0,-0.02077783697389446,0,18380,18140.0,17400.0,18090.0,0.013230429988974723,0.01603095632946383
2024-12-12,2024-12-12,18250,luatvietnam,18380.0,-0.007072905331882429,0,18250,18910.0,18500.0,17160.0,-0.03490216816499203,0.06351981351981362
2024-12-19,2024-12-19,18730,luatvietnam,18250.0,0.02630136986301368,0,18730,18570.0,18320.0,17040.0,0.008616047388260606,0.0991784037558685
2024-12-26,2024-12-26,18630,luatvietnam,18730.0,-0.005339028296849957,0,18630,18500.0,18050.0,17500.0,0.007027027027026955,0.0645714285714285
2025-01-02,2025-01-02,18750,luatvietnam,18630.0,0.006441223832528209,0,18750,18770.0,18140.0,17500.0,-0.0010655301012253426,0.0714285714285714
2025-01-09,2025-01-09,19240,luatvietnam,18750.0,0.026133333333333342,0,19240,18380.0,18910.0,17400.0,0.04678998911860721,0.10574712643678152
2025-01-16,2025-01-16,19780,luatvietnam,19240.0,0.028066528066527985,1,19780,18250.0,18570.0,18500.0,0.08383561643835624,0.06918918918918915
2025-01-23,2025-01-23,20190,luatvietnam,19780.0,0.020728008088978678,1,20190,18730.0,18500.0,18320.0,0.0779498131340095,0.10207423580786035
2025-02-01,2025-02-01,19240,luatvietnam,20190.0,-0.04705299653293715,0,19240,18630.0,18770.0,18140.0,0.03274288781535151,0.06063947078280041
2025-02-06,2025-02-06,19050,luatvietnam,19240.0,-0.009875259875259834,0,19050,18750.0,18380.0,18140.0,0.016000000000000014,0.05016538037486229
2025-02-13,2025-02-13,19070,luatvietnam,19050.0,0.0010498687664042272,0,19070,19240.0,18250.0,18910.0,-0.008835758835758822,0.008461131676361644
2025-02-20,2025-02-20,19060,luatvietnam,19070.0,-0.000524383848977461,0,19060,19780.0,18730.0,18570.0,-0.03640040444893833,0.026386645126548203
2025-02-27,2025-02-27,18950,luatvietnam,19060.0,-0.005771248688352548,0,18950,20190.0,18630.0,18500.0,-0.061416542842991584,0.024324324324324298
2025-03-06,2025-03-06,18330,luatvietnam,18950.0,-0.032717678100263825,0,18330,19050.0,18750.0,18380.0,-0.03779527559055118,-0.002720348204570233
2025-03-13,2025-03-13,17890,luatvietnam,18330.0,-0.024004364429896397,0,17890,19070.0,19240.0,18250.0,-0.06187729417933929,-0.01972602739726026
2025-03-20,2025-03-20,17890,luatvietnam,17890.0,0.0,0,17890,19060.0,19780.0,18730.0,-0.06138509968520467,-0.04484783769353973
2025-03-27,2025-03-27,18210,luatvietnam,17890.0,0.01788708775852421,0,18210,18950.0,20190.0,18630.0,-0.03905013192612139,-0.02254428341384862
2025-04-03,2025-04-03,18470,luatvietnam,18210.0,0.014277869302580903,0,18470,18950.0,19240.0,18750.0,-0.025329815303430037,-0.014933333333333354
2025-04-10,2025-04-10,17240,luatvietnam,18470.0,-0.06659447753113157,0,17240,18330.0,19050.0,19240.0,-0.059465357337697755,-0.10395010395010396
2025-04-17,2025-04-17,17030,luatvietnam,17240.0,-0.012180974477958184,0,17030,17890.0,19070.0,19780.0,-0.04807154835103411,-0.13902932254802836
2025-04-24,2025-04-24,17520,luatvietnam,17030.0,0.028772753963593578,0,17520,17890.0,19060.0,20190.0,-0.020681945220793696,-0.13224368499257055
2025-05-05,2025-05-05,17350,luatvietnam,17520.0,-0.009703196347031984,0,17350,18470.0,18950.0,19240.0,-0.06063887384948563,-0.09823284823284828
2025-05-08,2025-05-08,16800,luatvietnam,17350.0,-0.03170028818443804,0,16800,18470.0,18330.0,19050.0,-0.09041689225771521,-0.11811023622047245
2025-05-15,2025-05-15,17220,luatvietnam,16800.0,0.02499999999999991,0,17220,17240.0,17890.0,19070.0,-0.001160092807424573,-0.09701101206082852
2025-05-22,2025-05-22,17400,luatvietnam,17220.0,0.010452961672473782,0,17400,17030.0,17890.0,19060.0,0.02172636523781568,-0.08709338929695698
2025-05-29,2025-05-29,17130,luatvietnam,17400.0,-0.01551724137931032,0,17130,17520.0,18210.0,18950.0,-0.022260273972602773,-0.09604221635883903
2025-06-05,2025-06-05,17420,luatvietnam,17130.0,0.016929363689433652,0,17420,17350.0,18470.0,18950.0,0.004034582132564912,-0.08073878627968334
2025-06-12,2025-06-12,17700,luatvietnam,17420.0,0.016073478760045834,0,17700,16800.0,17240.0,18330.0,0.0535714285714286,-0.03436988543371522
2025-06-19,2025-06-19,19150,luatvietnam,17700.0,0.08192090395480234,0,19150,17220.0,17030.0,17890.0,0.11207897793263655,0.07043040804918954
2025-06-26,2025-06-26,19340,luatvietnam,19150.0,0.00992167101827679,0,19340,17400.0,17520.0,17890.0,0.11149425287356318,0.08105086640581338
2025-07-03,2025-07-03,18400,luatvietnam,19340.0,-0.04860392967942084,0,18400,17130.0,17520.0,18470.0,0.0741389375364856,-0.0037899296155928797
2025-07-10,2025-07-10,18830,luatvietnam,18400.0,0.023369565217391308,0,18830,17420.0,16800.0,17240.0,0.08094144661308844,0.09222737819025517
2025-07-17,2025-07-17,18790,luatvietnam,18830.0,-0.0021242697822623224,0,18790,17700.0,17220.0,17030.0,0.06158192090395476,0.10334703464474448
2025-07-24,2025-07-24,19120,luatvietnam,18790.0,0.01756253326237367,0,19120,19150.0,17400.0,17520.0,-0.0015665796344647154,0.091324200913242
2025-07-31,2025-07-31,19060,luatvietnam,19120.0,-0.003138075313807498,0,19060,19340.0,17130.0,17520.0,-0.014477766287487093,0.08789954337899553
2025-08-07,2025-08-07,18800,luatvietnam,19060.0,-0.01364113326337879,0,18800,18400.0,17420.0,17350.0,0.021739130434782705,0.0835734870317002
2025-08-14,2025-08-14,18070,luatvietnam,18800.0,-0.03882978723404251,0,18070,18830.0,17700.0,16800.0,-0.04036112586298457,0.07559523809523805
2025-08-21,2025-08-21,17900,luatvietnam,18070.0,-0.009407858328721597,0,17900,18790.0,19150.0,17220.0,-0.04736562001064393,0.03948896631823451
2025-08-28,2025-08-28,18350,luatvietnam,17900.0,0.025139664804469275,0,18350,19120.0,19340.0,17400.0,-0.04027196652719667,0.05459770114942519
2025-09-04,2025-09-04,18470,luatvietnam,18350.0,0.006539509536784838,0,18470,19060.0,18400.0,17130.0,-0.030954879328436546,0.07822533566841794
2025-09-11,2025-09-11,18640,luatvietnam,18470.0,0.00920411478072558,0,18640,18800.0,18830.0,17420.0,-0.008510638297872353,0.07003444316877161
2025-09-18,2025-09-18,18700,luatvietnam,18640.0,0.0032188841201716833,0,18700,18070.0,18790.0,17700.0,0.034864416159380296,0.05649717514124286
2025-09-25,2025-09-25,18650,luatvietnam,18700.0,-0.002673796791443861,0,18650,17900.0,19120.0,19150.0,0.04189944134078205,-0.026109660574412552
2025-10-02,2025-10-02,19030,luatvietnam,18650.0,0.02037533512064349,0,19030,18350.0,19060.0,19340.0,0.03705722070844697,-0.016028955532574996
2025-10-09,2025-10-09,18600,luatvietnam,19030.0,-0.022595901208617986,0,18600,18470.0,18800.0,18400.0,0.0070384407146724115,0.010869565217391353
2025-10-16,2025-10-16,18420,luatvietnam,18600.0,-0.009677419354838679,0,18420,18640.0,18070.0,18830.0,-0.011802575107296098,-0.021773765268189083
2025-10-23,2025-10-23,17880,luatvietnam,18420.0,-0.02931596091205213,0,17880,18700.0,17900.0,18790.0,-0.04385026737967912,-0.04843001596593932
2025-10-30,2025-10-30,19200,luatvietnam,17880.0,0.0738255033557047,0,19200,18650.0,18350.0,19120.0,0.029490616621983934,0.004184100418409997
2025-11-06,2025-11-06,19320,luatvietnam,19200.0,0.006250000000000089,0,19320,19030.0,18470.0,19060.0,0.015239096163951693,0.01364113326337879
2025-11-13,2025-11-13,19860,luatvietnam,19320.0,0.02795031055900621,0,19860,18600.0,18640.0,18800.0,0.06774193548387086,0.05638297872340425
2025-11-20,2025-11-20,19820,luatvietnam,19860.0,-0.002014098690835797,0,19820,18420.0,18700.0,18070.0,0.07600434310532034,0.09684560044272272
2025-11-27,2025-11-27,18800,luatvietnam,19820.0,-0.05146316851664989,0,18800,17880.0,18650.0,17900.0,0.05145413870246096,0.05027932960893855
2025-12-04,2025-12-04,18380,luatvietnam,18800.0,-0.022340425531914843,0,18380,19200.0,19030.0,18470.0,-0.04270833333333335,-0.004872766648619353
2025-12-11,2025-12-11,18150,luatvietnam,18380.0,-0.012513601741022895,0,18150,19320.0,18600.0,18640.0,-0.060559006211180155,-0.026287553648068673
2025-12-18,2025-12-18,17470,luatvietnam,18150.0,-0.03746556473829199,0,17470,19860.0,18420.0,18700.0,-0.12034239677744207,-0.06577540106951874
2025-12-25,2025-12-25,17250,luatvietnam,17470.0,-0.012593016599885543,0,17250,19820.0,17880.0,18650.0,-0.1296670030272452,-0.07506702412868638
2025-12-31,2025-12-31,17250,luatvietnam,17250.0,0.0,0,17250,18800.0,19200.0,18650.0,-0.08244680851063835,-0.07506702412868638
