Ngay,diesel,diesel_chg_1m,diesel_chg_3m
2020-01-01,16590,0.03817271589486859,0.024074074074074137
2020-01-02,16590,0.03817271589486859,0.024074074074074137
2020-01-03,16590,0.03817271589486859,0.024074074074074137
2020-01-06,16590,0.03817271589486859,0.024074074074074137
2020-01-07,16590,0.03817271589486859,0.024074074074074137
2020-01-08,16590,0.03817271589486859,0.024074074074074137
2020-01-09,16590,0.03817271589486859,0.024074074074074137
2020-01-10,16590,0.03817271589486859,0.024074074074074137
2020-01-13,16590,0.03817271589486859,0.024074074074074137
2020-01-14,16590,0.03817271589486859,0.024074074074074137
2020-01-15,16540,0.03504380475594493,-0.0054119061936259705
2020-01-16,16540,0.03504380475594493,-0.0054119061936259705
2020-01-17,16540,0.03504380475594493,-0.0054119061936259705
2020-01-20,16540,0.03504380475594493,-0.0054119061936259705
2020-01-21,16540,0.03504380475594493,-0.0054119061936259705
2020-01-22,16540,0.03504380475594493,-0.0054119061936259705
2020-01-23,16540,0.03504380475594493,-0.0054119061936259705
2020-01-24,16540,0.03504380475594493,-0.0054119061936259705
2020-01-27,16540,0.03504380475594493,-0.0054119061936259705
2020-01-28,16540,0.03504380475594493,-0.0054119061936259705
2020-01-29,16540,0.03504380475594493,-0.0054119061936259705
2020-01-30,16130,0.004358655043586568,-0.0055487053020961685
2020-01-31,16130,0.004358655043586568,-0.0055487053020961685
2020-02-03,16130,0.004358655043586568,-0.0055487053020961685
2020-02-04,16130,0.004358655043586568,-0.0055487053020961685
2020-02-05,16130,0.004358655043586568,-0.0055487053020961685
2020-02-06,16130,0.004358655043586568,-0.0055487053020961685
2020-02-07,16130,0.004358655043586568,-0.0055487053020961685
2020-02-10,16130,0.004358655043586568,-0.0055487053020961685
2020-02-11,16130,0.004358655043586568,-0.0055487053020961685
2020-02-12,16130,0.004358655043586568,-0.0055487053020961685
2020-02-13,16130,0.004358655043586568,-0.0055487053020961685
2020-02-14,15170,-0.08559373116335145,-0.0548286604361371
2020-02-17,15170,-0.08559373116335145,-0.0548286604361371
2020-02-18,15170,-0.08559373116335145,-0.0548286604361371
2020-02-19,15170,-0.08559373116335145,-0.0548286604361371
2020-02-20,15170,-0.08559373116335145,-0.0548286604361371
2020-02-21,15170,-0.08559373116335145,-0.0548286604361371
2020-02-24,15170,-0.08559373116335145,-0.0548286604361371
2020-02-25,15170,-0.08559373116335145,-0.0548286604361371
2020-02-26,15170,-0.08559373116335145,-0.0548286604361371
2020-02-27,15170,-0.08559373116335145,-0.0548286604361371
2020-02-28,15170,-0.08559373116335145,-0.0548286604361371
2020-03-02,14780,-0.10640870616686815,-0.07393483709273185
2020-03-03,14780,-0.10640870616686815,-0.07393483709273185
2020-03-04,14780,-0.10640870616686815,-0.07393483709273185
2020-03-05,14780,-0.10640870616686815,-0.07393483709273185
2020-03-06,14780,-0.10640870616686815,-0.07393483709273185
2020-03-09,14780,-0.10640870616686815,-0.07393483709273185
2020-03-10,14780,-0.10640870616686815,-0.07393483709273185
2020-03-11,14780,-0.10640870616686815,-0.07393483709273185
2020-03-12,14780,-0.10640870616686815,-0.07393483709273185
2020-03-13,14780,-0.10640870616686815,-0.07393483709273185
2020-03-16,13030,-0.1410678971654581,-0.18460575719649563
2020-03-17,13030,-0.1410678971654581,-0.18460575719649563
2020-03-18,13030,-0.1410678971654581,-0.18460575719649563
2020-03-19,13030,-0.1410678971654581,-0.18460575719649563
2020-03-20,13030,-0.1410678971654581,-0.18460575719649563
2020-03-23,13030,-0.1410678971654581,-0.18460575719649563
2020-03-24,13030,-0.1410678971654581,-0.18460575719649563
2020-03-25,13030,-0.1410678971654581,-0.18460575719649563
2020-03-26,13030,-0.1410678971654581,-0.18460575719649563
2020-03-27,13030,-0.1410678971654581,-0.18460575719649563
2020-03-30,11250,-0.23883626522327472,-0.29950186799501866
2020-03-31,11250,-0.23883626522327472,-0.29950186799501866
2020-04-01,11250,-0.23883626522327472,-0.29950186799501866
2020-04-02,11250,-0.23883626522327472,-0.29950186799501866
2020-04-03,11250,-0.23883626522327472,-0.29950186799501866
2020-04-06,11250,-0.23883626522327472,-0.29950186799501866
2020-04-07,11250,-0.23883626522327472,-0.29950186799501866
2020-04-08,11250,-0.23883626522327472,-0.29950186799501866
2020-04-09,11250,-0.23883626522327472,-0.29950186799501866
2020-04-10,11250,-0.23883626522327472,-0.29950186799501866
2020-04-13,10820,-0.2679296346414073,-0.3477998794454491
2020-04-14,10820,-0.2679296346414073,-0.3477998794454491
2020-04-15,10820,-0.2679296346414073,-0.3477998794454491
2020-04-16,10820,-0.2679296346414073,-0.3477998794454491
2020-04-17,10820,-0.2679296346414073,-0.3477998794454491
2020-04-20,10820,-0.2679296346414073,-0.3477998794454491
2020-04-21,10820,-0.2679296346414073,-0.3477998794454491
2020-04-22,10820,-0.2679296346414073,-0.3477998794454491
2020-04-23,10820,-0.2679296346414073,-0.3477998794454491
2020-04-24,10820,-0.2679296346414073,-0.3477998794454491
2020-04-27,10820,-0.2679296346414073,-0.3477998794454491
2020-04-28,9940,-0.23714504988488105,-0.3990326481257558
2020-04-29,9940,-0.23714504988488105,-0.3990326481257558
2020-04-30,9940,-0.23714504988488105,-0.3990326481257558
2020-05-01,9940,-0.23714504988488105,-0.3990326481257558
2020-05-04,9940,-0.23714504988488105,-0.3990326481257558
2020-05-05,9940,-0.23714504988488105,-0.3990326481257558
2020-05-06,9940,-0.23714504988488105,-0.3990326481257558
2020-05-07,9940,-0.23714504988488105,-0.3990326481257558
2020-05-08,9940,-0.23714504988488105,-0.3990326481257558
2020-05-11,9940,-0.23714504988488105,-0.3990326481257558
2020-05-12,9940,-0.23714504988488105,-0.3990326481257558
2020-05-13,9850,-0.08964879852125696,-0.38933663980161193
2020-05-14,9850,-0.08964879852125696,-0.38933663980161193
2020-05-15,9850,-0.08964879852125696,-0.38933663980161193
2020-05-18,9850,-0.08964879852125696,-0.38933663980161193
2020-05-19,9850,-0.08964879852125696,-0.38933663980161193
2020-05-20,9850,-0.08964879852125696,-0.38933663980161193
2020-05-21,9850,-0.08964879852125696,-0.38933663980161193
2020-05-22,9850,-0.08964879852125696,-0.38933663980161193
2020-05-25,9850,-0.08964879852125696,-0.38933663980161193
2020-05-26,9850,-0.08964879852125696,-0.38933663980161193
2020-05-27,9850,-0.08964879852125696,-0.38933663980161193
2020-05-28,10740,0.08048289738430592,-0.2920237310481213
2020-05-29,10740,0.08048289738430592,-0.2920237310481213
2020-06-01,10740,0.08048289738430592,-0.2920237310481213
2020-06-02,10740,0.08048289738430592,-0.2920237310481213
2020-06-03,10740,0.08048289738430592,-0.2920237310481213
2020-06-04,10740,0.08048289738430592,-0.2920237310481213
2020-06-05,10740,0.08048289738430592,-0.2920237310481213
2020-06-08,10740,0.08048289738430592,-0.2920237310481213
2020-06-09,10740,0.08048289738430592,-0.2920237310481213
2020-06-10,10740,0.08048289738430592,-0.2920237310481213
2020-06-11,10740,0.08048289738430592,-0.2920237310481213
2020-06-12,11510,0.15794768611670018,-0.22124492557510145
2020-06-15,11510,0.15794768611670018,-0.22124492557510145
2020-06-16,11510,0.15794768611670018,-0.22124492557510145
2020-06-17,11510,0.15794768611670018,-0.22124492557510145
2020-06-18,11510,0.15794768611670018,-0.22124492557510145
2020-06-19,11510,0.15794768611670018,-0.22124492557510145
2020-06-22,11510,0.15794768611670018,-0.22124492557510145
2020-06-23,11510,0.15794768611670018,-0.22124492557510145
2020-06-24,11510,0.15794768611670018,-0.22124492557510145
2020-06-25,11510,0.15794768611670018,-0.22124492557510145
2020-06-26,11510,0.15794768611670018,-0.22124492557510145
2020-06-29,12110,0.2294416243654822,-0.07060629316960865
2020-06-30,12110,0.2294416243654822,-0.07060629316960865
2020-07-01,12110,0.2294416243654822,-0.07060629316960865
2020-07-02,12110,0.2294416243654822,-0.07060629316960865
2020-07-03,12110,0.2294416243654822,-0.07060629316960865
2020-07-06,12110,0.2294416243654822,-0.07060629316960865
2020-07-07,12110,0.2294416243654822,-0.07060629316960865
2020-07-08,12110,0.2294416243654822,-0.07060629316960865
2020-07-09,12110,0.2294416243654822,-0.07060629316960865
2020-07-10,12110,0.2294416243654822,-0.07060629316960865
2020-07-13,12110,0.052128583840139076,0.11922365988909434
2020-07-14,12110,0.052128583840139076,0.11922365988909434
2020-07-15,12110,0.052128583840139076,0.11922365988909434
2020-07-16,12110,0.052128583840139076,0.11922365988909434
2020-07-17,12110,0.052128583840139076,0.11922365988909434
2020-07-20,12110,0.052128583840139076,0.11922365988909434
2020-07-21,12110,0.052128583840139076,0.11922365988909434
2020-07-22,12110,0.052128583840139076,0.11922365988909434
2020-07-23,12110,0.052128583840139076,0.11922365988909434
2020-07-24,12110,0.052128583840139076,0.11922365988909434
2020-07-27,12110,0.052128583840139076,0.11922365988909434
2020-07-28,12390,0.023121387283236983,0.2464788732394365
2020-07-29,12390,0.023121387283236983,0.2464788732394365
2020-07-30,12390,0.023121387283236983,0.2464788732394365
2020-07-31,12390,0.023121387283236983,0.2464788732394365
2020-08-03,12390,0.023121387283236983,0.2464788732394365
2020-08-04,12390,0.023121387283236983,0.2464788732394365
2020-08-05,12390,0.023121387283236983,0.2464788732394365
2020-08-06,12390,0.023121387283236983,0.2464788732394365
2020-08-07,12390,0.023121387283236983,0.2464788732394365
2020-08-10,12390,0.023121387283236983,0.2464788732394365
2020-08-11,12390,0.023121387283236983,0.2464788732394365
2020-08-12,12200,0.007431874483897705,0.22736418511066403
2020-08-13,12200,0.007431874483897705,0.22736418511066403
2020-08-14,12200,0.007431874483897705,0.22736418511066403
2020-08-17,12200,0.007431874483897705,0.22736418511066403
2020-08-18,12200,0.007431874483897705,0.22736418511066403
2020-08-19,12200,0.007431874483897705,0.22736418511066403
2020-08-20,12200,0.007431874483897705,0.22736418511066403
2020-08-21,12200,0.007431874483897705,0.22736418511066403
2020-08-24,12200,0.007431874483897705,0.22736418511066403
2020-08-25,12200,0.007431874483897705,0.22736418511066403
2020-08-26,12200,0.007431874483897705,0.22736418511066403
2020-08-27,11960,-0.012386457473162693,0.2142131979695432
2020-08-28,11960,-0.012386457473162693,0.2142131979695432
2020-08-31,11960,-0.012386457473162693,0.2142131979695432
2020-09-01,11960,-0.012386457473162693,0.2142131979695432
2020-09-02,11960,-0.012386457473162693,0.2142131979695432
2020-09-03,11960,-0.012386457473162693,0.2142131979695432
2020-09-04,11960,-0.012386457473162693,0.2142131979695432
2020-09-07,11960,-0.012386457473162693,0.2142131979695432
2020-09-08,11960,-0.012386457473162693,0.2142131979695432
2020-09-09,11960,-0.012386457473162693,0.2142131979695432
2020-09-10,11960,-0.012386457473162693,0.2142131979695432
2020-09-11,11510,-0.07102502017756251,0.07169459962756042
2020-09-14,11510,-0.07102502017756251,0.07169459962756042
2020-09-15,11510,-0.07102502017756251,0.07169459962756042
2020-09-16,11510,-0.07102502017756251,0.07169459962756042
2020-09-17,11510,-0.07102502017756251,0.07169459962756042
2020-09-18,11510,-0.07102502017756251,0.07169459962756042
2020-09-21,11510,-0.07102502017756251,0.07169459962756042
2020-09-22,11510,-0.07102502017756251,0.07169459962756042
2020-09-23,11510,-0.07102502017756251,0.07169459962756042
2020-09-24,11510,-0.07102502017756251,0.07169459962756042
2020-09-25,11510,-0.07102502017756251,0.07169459962756042
2020-09-28,11120,-0.08852459016393444,-0.03388357949609033
2020-09-29,11120,-0.08852459016393444,-0.03388357949609033
2020-09-30,11120,-0.08852459016393444,-0.03388357949609033
2020-10-01,11120,-0.08852459016393444,-0.03388357949609033
2020-10-02,11120,-0.08852459016393444,-0.03388357949609033
2020-10-05,11120,-0.08852459016393444,-0.03388357949609033
2020-10-06,11120,-0.08852459016393444,-0.03388357949609033
2020-10-07,11120,-0.08852459016393444,-0.03388357949609033
2020-10-08,11120,-0.08852459016393444,-0.03388357949609033
2020-10-09,11120,-0.08852459016393444,-0.03388357949609033
2020-10-12,11120,-0.03388357949609033,-0.08175061932287364
2020-10-13,11120,-0.03388357949609033,-0.08175061932287364
2020-10-14,11120,-0.03388357949609033,-0.08175061932287364
2020-10-15,11120,-0.03388357949609033,-0.08175061932287364
2020-10-16,11120,-0.03388357949609033,-0.08175061932287364
2020-10-19,11120,-0.03388357949609033,-0.08175061932287364
2020-10-20,11120,-0.03388357949609033,-0.08175061932287364
2020-10-21,11120,-0.03388357949609033,-0.08175061932287364
2020-10-22,11120,-0.03388357949609033,-0.08175061932287364
2020-10-23,11120,-0.03388357949609033,-0.08175061932287364
2020-10-26,11120,-0.03388357949609033,-0.08175061932287364
2020-10-27,11210,0.008093525179856176,-0.07431874483897605
2020-10-28,11210,0.008093525179856176,-0.07431874483897605
2020-10-29,11210,0.008093525179856176,-0.07431874483897605
2020-10-30,11210,0.008093525179856176,-0.07431874483897605
2020-11-02,11210,0.008093525179856176,-0.07431874483897605
2020-11-03,11210,0.008093525179856176,-0.07431874483897605
2020-11-04,11210,0.008093525179856176,-0.07431874483897605
2020-11-05,11210,0.008093525179856176,-0.07431874483897605
2020-11-06,11210,0.008093525179856176,-0.07431874483897605
2020-11-09,11210,0.008093525179856176,-0.07431874483897605
2020-11-10,11210,0.008093525179856176,-0.07431874483897605
2020-11-11,10830,-0.02607913669064743,-0.12590799031476996
2020-11-12,10830,-0.02607913669064743,-0.12590799031476996
2020-11-13,10830,-0.02607913669064743,-0.12590799031476996
2020-11-16,10830,-0.02607913669064743,-0.12590799031476996
2020-11-17,10830,-0.02607913669064743,-0.12590799031476996
2020-11-18,10830,-0.02607913669064743,-0.12590799031476996
2020-11-19,10830,-0.02607913669064743,-0.12590799031476996
2020-11-20,10830,-0.02607913669064743,-0.12590799031476996
2020-11-23,10830,-0.02607913669064743,-0.12590799031476996
2020-11-24,10830,-0.02607913669064743,-0.12590799031476996
2020-11-25,10830,-0.02607913669064743,-0.12590799031476996
2020-11-26,11430,0.027877697841726556,-0.06311475409836065
2020-11-27,11430,0.027877697841726556,-0.06311475409836065
2020-11-30,11430,0.027877697841726556,-0.06311475409836065
2020-12-01,11430,0.027877697841726556,-0.06311475409836065
2020-12-02,11430,0.027877697841726556,-0.06311475409836065
2020-12-03,11430,0.027877697841726556,-0.06311475409836065
2020-12-04,11430,0.027877697841726556,-0.06311475409836065
2020-12-07,11430,0.027877697841726556,-0.06311475409836065
2020-12-08,11430,0.027877697841726556,-0.06311475409836065
2020-12-09,11430,0.027877697841726556,-0.06311475409836065
2020-12-10,11430,0.027877697841726556,-0.06311475409836065
2020-12-11,11890,0.09787626962142193,0.03301476976542128
2020-12-14,11890,0.09787626962142193,0.03301476976542128
2020-12-15,11890,0.09787626962142193,0.03301476976542128
2020-12-16,11890,0.09787626962142193,0.03301476976542128
2020-12-17,11890,0.09787626962142193,0.03301476976542128
2020-12-18,11890,0.09787626962142193,0.03301476976542128
2020-12-21,11890,0.09787626962142193,0.03301476976542128
2020-12-22,11890,0.09787626962142193,0.03301476976542128
2020-12-23,11890,0.09787626962142193,0.03301476976542128
2020-12-24,11890,0.09787626962142193,0.03301476976542128
2020-12-25,11890,0.09787626962142193,0.03301476976542128
2020-12-28,12370,0.08223972003499558,0.11241007194244612
2020-12-29,12370,0.08223972003499558,0.11241007194244612
2020-12-30,12370,0.08223972003499558,0.11241007194244612
2020-12-31,12370,0.08223972003499558,0.11241007194244612
2021-01-01,12370,0.08223972003499558,0.11241007194244612
2021-01-04,12370,0.08223972003499558,0.11241007194244612
2021-01-05,12370,0.08223972003499558,0.11241007194244612
2021-01-06,12370,0.08223972003499558,0.11241007194244612
2021-01-07,12370,0.08223972003499558,0.11241007194244612
2021-01-08,12370,0.08223972003499558,0.11241007194244612
2021-01-11,12640,0.06307821698906646,0.13669064748201443
2021-01-12,12640,0.06307821698906646,0.13669064748201443
2021-01-13,12640,0.06307821698906646,0.13669064748201443
2021-01-14,12640,0.06307821698906646,0.13669064748201443
2021-01-15,12640,0.06307821698906646,0.13669064748201443
2021-01-18,12640,0.06307821698906646,0.13669064748201443
2021-01-19,12640,0.06307821698906646,0.13669064748201443
2021-01-20,12640,0.06307821698906646,0.13669064748201443
2021-01-21,12640,0.06307821698906646,0.13669064748201443
2021-01-22,12640,0.06307821698906646,0.13669064748201443
2021-01-25,12640,0.06307821698906646,0.13669064748201443
2021-01-26,13040,0.05416329830234434,0.17266187050359716
2021-01-27,13040,0.05416329830234434,0.17266187050359716
2021-01-28,13040,0.05416329830234434,0.17266187050359716
2021-01-29,13040,0.05416329830234434,0.17266187050359716
2021-02-01,13040,0.05416329830234434,0.17266187050359716
2021-02-02,13040,0.05416329830234434,0.17266187050359716
2021-02-03,13040,0.05416329830234434,0.17266187050359716
2021-02-04,13040,0.05416329830234434,0.17266187050359716
2021-02-05,13040,0.05416329830234434,0.17266187050359716
2021-02-08,13040,0.05416329830234434,0.17266187050359716
2021-02-09,13040,0.05416329830234434,0.17266187050359716
2021-02-10,13040,0.05416329830234434,0.16324710080285465
2021-02-11,13040,0.05416329830234434,0.16324710080285465
2021-02-12,13040,0.05416329830234434,0.16324710080285465
2021-02-15,13040,0.05416329830234434,0.16324710080285465
2021-02-16,13040,0.05416329830234434,0.16324710080285465
2021-02-17,13040,0.05416329830234434,0.16324710080285465
2021-02-18,13040,0.05416329830234434,0.16324710080285465
2021-02-19,13040,0.05416329830234434,0.16324710080285465
2021-02-22,13040,0.05416329830234434,0.16324710080285465
2021-02-23,13040,0.05416329830234434,0.16324710080285465
2021-02-24,13040,0.05416329830234434,0.16324710080285465
2021-02-25,13840,0.09493670886075956,0.27793167128347185
2021-02-26,13840,0.09493670886075956,0.27793167128347185
2021-03-01,13840,0.09493670886075956,0.27793167128347185
2021-03-02,13840,0.09493670886075956,0.27793167128347185
2021-03-03,13840,0.09493670886075956,0.27793167128347185
2021-03-04,13840,0.09493670886075956,0.27793167128347185
2021-03-05,13840,0.09493670886075956,0.27793167128347185
2021-03-08,13840,0.09493670886075956,0.27793167128347185
2021-03-09,13840,0.09493670886075956,0.27793167128347185
2021-03-10,13840,0.09493670886075956,0.27793167128347185
2021-03-11,13840,0.09493670886075956,0.27793167128347185
2021-03-12,14400,0.10429447852760743,0.2111017661900756
2021-03-15,14400,0.10429447852760743,0.2111017661900756
2021-03-16,14400,0.10429447852760743,0.2111017661900756
2021-03-17,14400,0.10429447852760743,0.2111017661900756
2021-03-18,14400,0.10429447852760743,0.2111017661900756
2021-03-19,14400,0.10429447852760743,0.2111017661900756
2021-03-22,14400,0.10429447852760743,0.2111017661900756
2021-03-23,14400,0.10429447852760743,0.2111017661900756
2021-03-24,14400,0.10429447852760743,0.2111017661900756
2021-03-25,14400,0.10429447852760743,0.2111017661900756
2021-03-26,14400,0.10429447852760743,0.2111017661900756
2021-03-29,14240,0.028901734104046284,0.15117219078415522
2021-03-30,14240,0.028901734104046284,0.15117219078415522
2021-03-31,14240,0.028901734104046284,0.15117219078415522
2021-04-01,14240,0.028901734104046284,0.15117219078415522
2021-04-02,14240,0.028901734104046284,0.15117219078415522
2021-04-05,14240,0.028901734104046284,0.15117219078415522
2021-04-06,14240,0.028901734104046284,0.15117219078415522
2021-04-07,14240,0.028901734104046284,0.15117219078415522
2021-04-08,14240,0.028901734104046284,0.15117219078415522
2021-04-09,14240,0.028901734104046284,0.15117219078415522
2021-04-12,14140,-0.018055555555555602,0.11867088607594933
2021-04-13,14140,-0.018055555555555602,0.11867088607594933
2021-04-14,14140,-0.018055555555555602,0.11867088607594933
2021-04-15,14140,-0.018055555555555602,0.11867088607594933
2021-04-16,14140,-0.018055555555555602,0.11867088607594933
2021-04-19,14140,-0.018055555555555602,0.11867088607594933
2021-04-20,14140,-0.018055555555555602,0.11867088607594933
2021-04-21,14140,-0.018055555555555602,0.11867088607594933
2021-04-22,14140,-0.018055555555555602,0.11867088607594933
2021-04-23,14140,-0.018055555555555602,0.11867088607594933
2021-04-26,14140,-0.018055555555555602,0.11867088607594933
2021-04-27,14320,0.00561797752808979,0.09815950920245409
2021-04-28,14320,0.00561797752808979,0.09815950920245409
2021-04-29,14320,0.00561797752808979,0.09815950920245409
2021-04-30,14320,0.00561797752808979,0.09815950920245409
2021-05-03,14320,0.00561797752808979,0.09815950920245409
2021-05-04,14320,0.00561797752808979,0.09815950920245409
2021-05-05,14320,0.00561797752808979,0.09815950920245409
2021-05-06,14320,0.00561797752808979,0.09815950920245409
2021-05-07,14320,0.00561797752808979,0.09815950920245409
2021-05-10,14320,0.00561797752808979,0.09815950920245409
2021-05-11,14320,0.00561797752808979,0.09815950920245409
2021-05-12,14770,0.044554455445544594,0.13266871165644178
2021-05-13,14770,0.044554455445544594,0.13266871165644178
2021-05-14,14770,0.044554455445544594,0.13266871165644178
2021-05-17,14770,0.044554455445544594,0.13266871165644178
2021-05-18,14770,0.044554455445544594,0.13266871165644178
2021-05-19,14770,0.044554455445544594,0.13266871165644178
2021-05-20,14770,0.044554455445544594,0.13266871165644178
2021-05-21,14770,0.044554455445544594,0.13266871165644178
2021-05-24,14770,0.044554455445544594,0.13266871165644178
2021-05-25,14770,0.044554455445544594,0.13266871165644178
2021-05-26,14770,0.044554455445544594,0.13266871165644178
2021-05-27,14770,0.03142458100558665,0.06719653179190743
2021-05-28,14770,0.03142458100558665,0.06719653179190743
2021-05-31,14770,0.03142458100558665,0.06719653179190743
2021-06-01,14770,0.03142458100558665,0.06719653179190743
2021-06-02,14770,0.03142458100558665,0.06719653179190743
2021-06-03,14770,0.03142458100558665,0.06719653179190743
2021-06-04,14770,0.03142458100558665,0.06719653179190743
2021-06-07,14770,0.03142458100558665,0.06719653179190743
2021-06-08,14770,0.03142458100558665,0.06719653179190743
2021-06-09,14770,0.03142458100558665,0.06719653179190743
2021-06-10,14770,0.03142458100558665,0.06719653179190743
2021-06-11,15440,0.07821229050279332,0.11560693641618491
2021-06-14,15440,0.07821229050279332,0.11560693641618491
2021-06-15,15440,0.07821229050279332,0.11560693641618491
2021-06-16,15440,0.07821229050279332,0.11560693641618491
2021-06-17,15440,0.07821229050279332,0.11560693641618491
2021-06-18,15440,0.07821229050279332,0.11560693641618491
2021-06-21,15440,0.07821229050279332,0.11560693641618491
2021-06-22,15440,0.07821229050279332,0.11560693641618491
2021-06-23,15440,0.07821229050279332,0.11560693641618491
2021-06-24,15440,0.07821229050279332,0.11560693641618491
2021-06-25,15440,0.07821229050279332,0.11560693641618491
2021-06-28,16110,0.09072444143534186,0.11874999999999991
2021-06-29,16110,0.09072444143534186,0.11874999999999991
2021-06-30,16110,0.09072444143534186,0.11874999999999991
2021-07-01,16110,0.09072444143534186,0.11874999999999991
2021-07-02,16110,0.09072444143534186,0.11874999999999991
2021-07-05,16110,0.09072444143534186,0.11874999999999991
2021-07-06,16110,0.09072444143534186,0.11874999999999991
2021-07-07,16110,0.09072444143534186,0.11874999999999991
2021-07-08,16110,0.09072444143534186,0.11874999999999991
2021-07-09,16110,0.09072444143534186,0.11874999999999991
2021-07-12,16530,0.07059585492227982,0.16902404526166892
2021-07-13,16530,0.07059585492227982,0.16902404526166892
2021-07-14,16530,0.07059585492227982,0.16902404526166892
2021-07-15,16530,0.07059585492227982,0.16902404526166892
2021-07-16,16530,0.07059585492227982,0.16902404526166892
2021-07-19,16530,0.07059585492227982,0.16902404526166892
2021-07-20,16530,0.07059585492227982,0.16902404526166892
2021-07-21,16530,0.07059585492227982,0.16902404526166892
2021-07-22,16530,0.07059585492227982,0.16902404526166892
2021-07-23,16530,0.07059585492227982,0.16902404526166892
2021-07-26,16530,0.07059585492227982,0.16902404526166892
2021-07-27,16370,0.01613904407200506,0.14315642458100553
2021-07-28,16370,0.01613904407200506,0.14315642458100553
2021-07-29,16370,0.01613904407200506,0.14315642458100553
2021-07-30,16370,0.01613904407200506,0.14315642458100553
2021-08-02,16370,0.01613904407200506,0.14315642458100553
2021-08-03,16370,0.01613904407200506,0.14315642458100553
2021-08-04,16370,0.01613904407200506,0.14315642458100553
2021-08-05,16370,0.01613904407200506,0.14315642458100553
2021-08-06,16370,0.01613904407200506,0.14315642458100553
2021-08-09,16370,0.01613904407200506,0.14315642458100553
2021-08-10,16370,0.01613904407200506,0.14315642458100553
2021-08-11,16170,0.003724394785847407,0.12918994413407825
2021-08-12,16170,0.003724394785847407,0.12918994413407825
2021-08-13,16170,0.003724394785847407,0.12918994413407825
2021-08-16,16170,0.003724394785847407,0.12918994413407825
2021-08-17,16170,0.003724394785847407,0.12918994413407825
2021-08-18,16170,0.003724394785847407,0.12918994413407825
2021-08-19,16170,0.003724394785847407,0.12918994413407825
2021-08-20,16170,0.003724394785847407,0.12918994413407825
2021-08-23,16170,0.003724394785847407,0.12918994413407825
2021-08-24,16170,0.003724394785847407,0.12918994413407825
2021-08-25,16170,0.003724394785847407,0.12918994413407825
2021-08-26,15660,-0.052631578947368474,0.060257278266756975
2021-08-27,15660,-0.052631578947368474,0.060257278266756975
2021-08-30,15660,-0.052631578947368474,0.060257278266756975
2021-08-31,15660,-0.052631578947368474,0.060257278266756975
2021-09-01,15660,-0.052631578947368474,0.060257278266756975
2021-09-02,15660,-0.052631578947368474,0.060257278266756975
2021-09-03,15660,-0.052631578947368474,0.060257278266756975
2021-09-06,15660,-0.052631578947368474,0.060257278266756975
2021-09-07,15660,-0.052631578947368474,0.060257278266756975
2021-09-08,15660,-0.052631578947368474,0.060257278266756975
2021-09-09,15660,-0.052631578947368474,0.060257278266756975
2021-09-10,16020,-0.02138057422113626,0.08463100880162489
2021-09-13,16020,-0.02138057422113626,0.08463100880162489
2021-09-14,16020,-0.02138057422113626,0.08463100880162489
2021-09-15,16020,-0.02138057422113626,0.08463100880162489
2021-09-16,16020,-0.02138057422113626,0.08463100880162489
2021-09-17,16020,-0.02138057422113626,0.08463100880162489
2021-09-20,16020,-0.02138057422113626,0.08463100880162489
2021-09-21,16020,-0.02138057422113626,0.08463100880162489
2021-09-22,16020,-0.02138057422113626,0.08463100880162489
2021-09-23,16020,-0.02138057422113626,0.08463100880162489
2021-09-24,16020,-0.02138057422113626,0.08463100880162489
2021-09-27,16580,0.02535559678416832,0.07383419689119175
2021-09-28,16580,0.02535559678416832,0.07383419689119175
2021-09-29,16580,0.02535559678416832,0.07383419689119175
2021-09-30,16580,0.02535559678416832,0.07383419689119175
2021-10-01,16580,0.02535559678416832,0.07383419689119175
2021-10-04,16580,0.02535559678416832,0.07383419689119175
2021-10-05,16580,0.02535559678416832,0.07383419689119175
2021-10-06,16580,0.02535559678416832,0.07383419689119175
2021-10-07,16580,0.02535559678416832,0.07383419689119175
2021-10-08,16580,0.02535559678416832,0.07383419689119175
2021-10-11,17540,0.09488139825218478,0.08876474239602739
2021-10-12,17540,0.09488139825218478,0.08876474239602739
2021-10-13,17540,0.09488139825218478,0.08876474239602739
2021-10-14,17540,0.09488139825218478,0.08876474239602739
2021-10-15,17540,0.09488139825218478,0.08876474239602739
2021-10-18,17540,0.09488139825218478,0.08876474239602739
2021-10-19,17540,0.09488139825218478,0.08876474239602739
2021-10-20,17540,0.09488139825218478,0.08876474239602739
2021-10-21,17540,0.09488139825218478,0.08876474239602739
2021-10-22,17540,0.09488139825218478,0.08876474239602739
2021-10-25,17540,0.09488139825218478,0.08876474239602739
2021-10-26,18710,0.1284680337756332,0.13188142770719913
2021-10-27,18710,0.1284680337756332,0.13188142770719913
2021-10-28,18710,0.1284680337756332,0.13188142770719913
2021-10-29,18710,0.1284680337756332,0.13188142770719913
2021-11-01,18710,0.1284680337756332,0.13188142770719913
2021-11-02,18710,0.1284680337756332,0.13188142770719913
2021-11-03,18710,0.1284680337756332,0.13188142770719913
2021-11-04,18710,0.1284680337756332,0.13188142770719913
2021-11-05,18710,0.1284680337756332,0.13188142770719913
2021-11-08,18710,0.1284680337756332,0.13188142770719913
2021-11-09,18710,0.1284680337756332,0.13188142770719913
2021-11-10,18710,0.1284680337756332,0.142944410507025
2021-11-11,18710,0.1284680337756332,0.142944410507025
2021-11-12,18710,0.1284680337756332,0.142944410507025
2021-11-15,18710,0.1284680337756332,0.142944410507025
2021-11-16,18710,0.1284680337756332,0.142944410507025
2021-11-17,18710,0.1284680337756332,0.142944410507025
2021-11-18,18710,0.1284680337756332,0.142944410507025
2021-11-19,18710,0.1284680337756332,0.142944410507025
2021-11-22,18710,0.1284680337756332,0.142944410507025
2021-11-23,18710,0.1284680337756332,0.142944410507025
2021-11-24,18710,0.1284680337756332,0.142944410507025
2021-11-25,18380,0.047890535917902044,0.1366728509585653
2021-11-26,18380,0.047890535917902044,0.1366728509585653
2021-11-29,18380,0.047890535917902044,0.1366728509585653
2021-11-30,18380,0.047890535917902044,0.1366728509585653
2021-12-01,18380,0.047890535917902044,0.1366728509585653
2021-12-02,18380,0.047890535917902044,0.1366728509585653
2021-12-03,18380,0.047890535917902044,0.1366728509585653
2021-12-06,18380,0.047890535917902044,0.1366728509585653
2021-12-07,18380,0.047890535917902044,0.1366728509585653
2021-12-08,18380,0.047890535917902044,0.1366728509585653
2021-12-09,18380,0.047890535917902044,0.1366728509585653
2021-12-10,17330,-0.073757349011224,0.08177278401997512
2021-12-13,17330,-0.073757349011224,0.08177278401997512
2021-12-14,17330,-0.073757349011224,0.08177278401997512
2021-12-15,17330,-0.073757349011224,0.08177278401997512
2021-12-16,17330,-0.073757349011224,0.08177278401997512
2021-12-17,17330,-0.073757349011224,0.08177278401997512
2021-12-20,17330,-0.073757349011224,0.08177278401997512
2021-12-21,17330,-0.073757349011224,0.08177278401997512
2021-12-22,17330,-0.073757349011224,0.08177278401997512
2021-12-23,17330,-0.073757349011224,0.08177278401997512
2021-12-24,17330,-0.073757349011224,0.08177278401997512
2021-12-27,17570,-0.04406964091403698,0.05971049457177324
2021-12-28,17570,-0.04406964091403698,0.05971049457177324
2021-12-29,17570,-0.04406964091403698,0.05971049457177324
2021-12-30,17570,-0.04406964091403698,0.05971049457177324
2021-12-31,17570,-0.04406964091403698,0.05971049457177324
2022-01-03,17570,-0.04406964091403698,0.05971049457177324
2022-01-04,17570,-0.04406964091403698,0.05971049457177324
2022-01-05,17570,-0.04406964091403698,0.05971049457177324
2022-01-06,17570,-0.04406964091403698,0.05971049457177324
2022-01-07,17570,-0.04406964091403698,0.05971049457177324
2022-01-10,17570,-0.04406964091403698,0.05971049457177324
2022-01-11,18230,0.05193306405077891,0.03933865450399088
2022-01-12,18230,0.05193306405077891,0.03933865450399088
2022-01-13,18230,0.05193306405077891,0.03933865450399088
2022-01-14,18230,0.05193306405077891,0.03933865450399088
2022-01-17,18230,0.05193306405077891,0.03933865450399088
2022-01-18,18230,0.05193306405077891,0.03933865450399088
2022-01-19,18230,0.05193306405077891,0.03933865450399088
2022-01-20,18230,0.05193306405077891,0.03933865450399088
2022-01-21,18900,0.09059434506635888,0.07753705815279366
2022-01-24,18900,0.09059434506635888,0.07753705815279366
2022-01-25,18900,0.09059434506635888,0.07753705815279366
2022-01-26,18900,0.09059434506635888,0.07753705815279366
2022-01-27,18900,0.09059434506635888,0.07753705815279366
2022-01-28,18900,0.09059434506635888,0.07753705815279366
2022-01-31,18900,0.09059434506635888,0.07753705815279366
2022-02-01,18900,0.09059434506635888,0.07753705815279366
2022-02-02,18900,0.09059434506635888,0.07753705815279366
2022-02-03,18900,0.09059434506635888,0.07753705815279366
2022-02-04,18900,0.09059434506635888,0.07753705815279366
2022-02-07,18900,0.09059434506635888,0.07753705815279366
2022-02-08,18900,0.09059434506635888,0.07753705815279366
2022-02-09,18900,0.09059434506635888,0.07753705815279366
2022-02-10,18900,0.09059434506635888,0.07753705815279366
2022-02-11,19860,0.08941305540318156,0.061464457509353254
2022-02-14,19860,0.08941305540318156,0.061464457509353254
2022-02-15,19860,0.08941305540318156,0.061464457509353254
2022-02-16,19860,0.08941305540318156,0.061464457509353254
2022-02-17,19860,0.08941305540318156,0.061464457509353254
2022-02-18,19860,0.08941305540318156,0.061464457509353254
2022-02-21,20800,0.10052910052910047,0.11170497060395501
2022-02-22,20800,0.10052910052910047,0.11170497060395501
2022-02-23,20800,0.10052910052910047,0.11170497060395501
2022-02-24,20800,0.10052910052910047,0.11170497060395501
2022-02-25,20800,0.10052910052910047,0.11170497060395501
2022-02-28,20800,0.10052910052910047,0.11170497060395501
2022-03-01,21310,0.12751322751322758,0.15941240478781293
2022-03-02,21310,0.12751322751322758,0.15941240478781293
2022-03-03,21310,0.12751322751322758,0.15941240478781293
2022-03-04,21310,0.12751322751322758,0.15941240478781293
2022-03-07,21310,0.12751322751322758,0.15941240478781293
2022-03-08,21310,0.12751322751322758,0.15941240478781293
2022-03-09,21310,0.12751322751322758,0.15941240478781293
2022-03-10,21310,0.12751322751322758,0.15941240478781293
2022-03-11,25260,0.27190332326283984,0.45758799769186376
2022-03-14,25260,0.27190332326283984,0.45758799769186376
2022-03-15,25260,0.27190332326283984,0.45758799769186376
2022-03-16,25260,0.27190332326283984,0.45758799769186376
2022-03-17,25260,0.27190332326283984,0.45758799769186376
2022-03-18,25260,0.27190332326283984,0.45758799769186376
2022-03-21,23630,0.13605769230769238,0.36353144835545304
2022-03-22,23630,0.13605769230769238,0.36353144835545304
2022-03-23,23630,0.13605769230769238,0.36353144835545304
2022-03-24,23630,0.13605769230769238,0.36353144835545304
2022-03-25,23630,0.13605769230769238,0.36353144835545304
2022-03-28,23630,0.13605769230769238,0.36353144835545304
2022-03-29,23630,0.13605769230769238,0.36353144835545304
2022-03-30,23630,0.13605769230769238,0.36353144835545304
2022-03-31,23630,0.13605769230769238,0.36353144835545304
2022-04-01,25080,0.17691224777099945,0.42743312464427996
2022-04-04,25080,0.17691224777099945,0.42743312464427996
2022-04-05,25080,0.17691224777099945,0.42743312464427996
2022-04-06,25080,0.17691224777099945,0.42743312464427996
2022-04-07,25080,0.17691224777099945,0.42743312464427996
2022-04-08,25080,0.17691224777099945,0.42743312464427996
2022-04-11,25080,0.17691224777099945,0.42743312464427996
2022-04-12,24380,-0.034837688044338844,0.33735600658255627
2022-04-13,24380,-0.034837688044338844,0.33735600658255627
2022-04-14,24380,-0.034837688044338844,0.33735600658255627
2022-04-15,24380,-0.034837688044338844,0.33735600658255627
2022-04-18,24380,-0.034837688044338844,0.33735600658255627
2022-04-19,24380,-0.034837688044338844,0.33735600658255627
2022-04-20,24380,-0.034837688044338844,0.33735600658255627
2022-04-21,25350,0.07278882776132045,0.34126984126984117
2022-04-22,25350,0.07278882776132045,0.34126984126984117
2022-04-25,25350,0.07278882776132045,0.34126984126984117
2022-04-26,25350,0.07278882776132045,0.34126984126984117
2022-04-27,25350,0.07278882776132045,0.34126984126984117
2022-04-28,25350,0.07278882776132045,0.34126984126984117
2022-04-29,25350,0.07278882776132045,0.34126984126984117
2022-05-02,25350,0.07278882776132045,0.34126984126984117
2022-05-03,25350,0.07278882776132045,0.34126984126984117
2022-05-04,25530,0.017942583732057482,0.3507936507936509
2022-05-05,25530,0.017942583732057482,0.3507936507936509
2022-05-06,25530,0.017942583732057482,0.3507936507936509
2022-05-09,25530,0.017942583732057482,0.3507936507936509
2022-05-10,25530,0.017942583732057482,0.3507936507936509
2022-05-11,26650,0.06259968102073366,0.34189325276938565
2022-05-12,26650,0.06259968102073366,0.34189325276938565
2022-05-13,26650,0.06259968102073366,0.34189325276938565
2022-05-16,26650,0.06259968102073366,0.34189325276938565
2022-05-17,26650,0.06259968102073366,0.34189325276938565
2022-05-18,26650,0.06259968102073366,0.34189325276938565
2022-05-19,26650,0.06259968102073366,0.34189325276938565
2022-05-20,26650,0.06259968102073366,0.34189325276938565
2022-05-23,25550,0.007889546351084853,0.22836538461538458
2022-05-24,25550,0.007889546351084853,0.22836538461538458
2022-05-25,25550,0.007889546351084853,0.22836538461538458
2022-05-26,25550,0.007889546351084853,0.22836538461538458
2022-05-27,25550,0.007889546351084853,0.22836538461538458
2022-05-30,25550,0.007889546351084853,0.22836538461538458
2022-05-31,25550,0.007889546351084853,0.22836538461538458
2022-06-01,26390,0.0410256410256411,0.23838573439699662
2022-06-02,26390,0.0410256410256411,0.23838573439699662
2022-06-03,26390,0.0410256410256411,0.23838573439699662
2022-06-06,26390,0.0410256410256411,0.23838573439699662
2022-06-07,26390,0.0410256410256411,0.23838573439699662
2022-06-08,26390,0.0410256410256411,0.23838573439699662
2022-06-09,26390,0.0410256410256411,0.23838573439699662
2022-06-10,26390,0.0410256410256411,0.23838573439699662
2022-06-13,29020,0.08893058161350842,0.14885193982581146
2022-06-14,29020,0.08893058161350842,0.14885193982581146
2022-06-15,29020,0.08893058161350842,0.14885193982581146
2022-06-16,29020,0.08893058161350842,0.14885193982581146
2022-06-17,29020,0.08893058161350842,0.14885193982581146
2022-06-20,29020,0.08893058161350842,0.14885193982581146
2022-06-21,30010,0.12607879924953092,0.2699957680914091
2022-06-22,30010,0.12607879924953092,0.2699957680914091
2022-06-23,30010,0.12607879924953092,0.2699957680914091
2022-06-24,30010,0.12607879924953092,0.2699957680914091
2022-06-27,30010,0.12607879924953092,0.2699957680914091
2022-06-28,30010,0.12607879924953092,0.2699957680914091
2022-06-29,30010,0.12607879924953092,0.2699957680914091
2022-06-30,30010,0.12607879924953092,0.2699957680914091
2022-07-01,29610,0.12201591511936338,0.18062200956937802
2022-07-04,29610,0.12201591511936338,0.18062200956937802
2022-07-05,29610,0.12201591511936338,0.18062200956937802
2022-07-06,29610,0.12201591511936338,0.18062200956937802
2022-07-07,29610,0.12201591511936338,0.18062200956937802
2022-07-08,29610,0.12201591511936338,0.18062200956937802
2022-07-11,26590,0.007578628268283483,0.06020733652312593
2022-07-12,26590,0.007578628268283483,0.06020733652312593
2022-07-13,26590,0.007578628268283483,0.06020733652312593
2022-07-14,26590,0.007578628268283483,0.06020733652312593
2022-07-15,26590,0.007578628268283483,0.06020733652312593
2022-07-18,26590,0.007578628268283483,0.06020733652312593
2022-07-19,26590,0.007578628268283483,0.06020733652312593
2022-07-20,26590,0.007578628268283483,0.06020733652312593
2022-07-21,24850,-0.17194268577140948,-0.01972386587771202
2022-07-22,24850,-0.17194268577140948,-0.01972386587771202
2022-07-25,24850,-0.17194268577140948,-0.01972386587771202
2022-07-26,24850,-0.17194268577140948,-0.01972386587771202
2022-07-27,24850,-0.17194268577140948,-0.01972386587771202
2022-07-28,24850,-0.17194268577140948,-0.01972386587771202
2022-07-29,24850,-0.17194268577140948,-0.01972386587771202
2022-08-01,23900,-0.1928402566700439,-0.05719921104536485
2022-08-02,23900,-0.1928402566700439,-0.05719921104536485
2022-08-03,23900,-0.1928402566700439,-0.05719921104536485
2022-08-04,23900,-0.1928402566700439,-0.05719921104536485
2022-08-05,23900,-0.1928402566700439,-0.05719921104536485
2022-08-08,23900,-0.1928402566700439,-0.05719921104536485
2022-08-09,23900,-0.1928402566700439,-0.05719921104536485
2022-08-10,23900,-0.1928402566700439,-0.05719921104536485
2022-08-11,22900,-0.13877397517863854,-0.14071294559099434
2022-08-12,22900,-0.13877397517863854,-0.14071294559099434
2022-08-15,22900,-0.13877397517863854,-0.14071294559099434
2022-08-16,22900,-0.13877397517863854,-0.14071294559099434
2022-08-17,22900,-0.13877397517863854,-0.14071294559099434
2022-08-18,22900,-0.13877397517863854,-0.14071294559099434
2022-08-19,22900,-0.13877397517863854,-0.14071294559099434
2022-08-22,23750,-0.044265593561368166,-0.10881801125703561
2022-08-23,23750,-0.044265593561368166,-0.10881801125703561
2022-08-24,23750,-0.044265593561368166,-0.10881801125703561
2022-08-25,23750,-0.044265593561368166,-0.10881801125703561
2022-08-26,23750,-0.044265593561368166,-0.10881801125703561
2022-08-29,23750,-0.044265593561368166,-0.10881801125703561
2022-08-30,23750,-0.044265593561368166,-0.10881801125703561
2022-08-31,23750,-0.044265593561368166,-0.10881801125703561
2022-09-01,23750,-0.044265593561368166,-0.10881801125703561
2022-09-02,23750,-0.044265593561368166,-0.10881801125703561
2022-09-05,25180,0.0535564853556485,-0.04585070102311484
2022-09-06,25180,0.0535564853556485,-0.04585070102311484
2022-09-07,25180,0.0535564853556485,-0.04585070102311484
2022-09-08,25180,0.0535564853556485,-0.04585070102311484
2022-09-09,25180,0.0535564853556485,-0.04585070102311484
2022-09-12,24180,0.05589519650655017,-0.08374384236453203
2022-09-13,24180,0.05589519650655017,-0.08374384236453203
2022-09-14,24180,0.05589519650655017,-0.08374384236453203
2022-09-15,24180,0.05589519650655017,-0.08374384236453203
2022-09-16,24180,0.05589519650655017,-0.08374384236453203
2022-09-19,24180,0.05589519650655017,-0.08374384236453203
2022-09-20,24180,0.05589519650655017,-0.08374384236453203
2022-09-21,22530,-0.01615720524017472,-0.24925024991669442
2022-09-22,22530,-0.01615720524017472,-0.24925024991669442
2022-09-23,22530,-0.01615720524017472,-0.24925024991669442
2022-09-26,22530,-0.01615720524017472,-0.24925024991669442
2022-09-27,22530,-0.01615720524017472,-0.24925024991669442
2022-09-28,22530,-0.01615720524017472,-0.24925024991669442
2022-09-29,22530,-0.01615720524017472,-0.24925024991669442
2022-09-30,22530,-0.01615720524017472,-0.24925024991669442
2022-10-03,22200,-0.0652631578947368,-0.25025329280648434
2022-10-04,22200,-0.0652631578947368,-0.25025329280648434
2022-10-05,22200,-0.0652631578947368,-0.25025329280648434
2022-10-06,22200,-0.0652631578947368,-0.25025329280648434
2022-10-07,22200,-0.0652631578947368,-0.25025329280648434
2022-10-10,22200,-0.0652631578947368,-0.25025329280648434
2022-10-11,24180,-0.039714058776807004,-0.09063557728469351
2022-10-12,24180,-0.039714058776807004,-0.09063557728469351
2022-10-13,24180,-0.039714058776807004,-0.09063557728469351
2022-10-14,24180,-0.039714058776807004,-0.09063557728469351
2022-10-17,24180,-0.039714058776807004,-0.09063557728469351
2022-10-18,24180,-0.039714058776807004,-0.09063557728469351
2022-10-19,24180,-0.039714058776807004,-0.09063557728469351
2022-10-20,24180,-0.039714058776807004,-0.09063557728469351
2022-10-21,24780,0.09986684420772307,-0.0028169014084507005
2022-10-24,24780,0.09986684420772307,-0.0028169014084507005
2022-10-25,24780,0.09986684420772307,-0.0028169014084507005
2022-10-26,24780,0.09986684420772307,-0.0028169014084507005
2022-10-27,24780,0.09986684420772307,-0.0028169014084507005
2022-10-28,24780,0.09986684420772307,-0.0028169014084507005
2022-10-31,24780,0.09986684420772307,-0.0028169014084507005
2022-11-01,25070,0.11273857079449612,0.048953974895397545
2022-11-02,25070,0.11273857079449612,0.048953974895397545
2022-11-03,25070,0.11273857079449612,0.048953974895397545
2022-11-04,25070,0.11273857079449612,0.048953974895397545
2022-11-07,25070,0.11273857079449612,0.048953974895397545
2022-11-08,25070,0.11273857079449612,0.048953974895397545
2022-11-09,25070,0.11273857079449612,0.048953974895397545
2022-11-10,25070,0.11273857079449612,0.048953974895397545
2022-11-11,24980,0.033085194375517046,0.09082969432314414
2022-11-14,24980,0.033085194375517046,0.09082969432314414
2022-11-15,24980,0.033085194375517046,0.09082969432314414
2022-11-16,24980,0.033085194375517046,0.09082969432314414
2022-11-17,24980,0.033085194375517046,0.09082969432314414
2022-11-18,24980,0.033085194375517046,0.09082969432314414
2022-11-21,24800,0.0008071025020177647,0.08296943231441056
2022-11-22,24800,0.0008071025020177647,0.08296943231441056
2022-11-23,24800,0.0008071025020177647,0.08296943231441056
2022-11-24,24800,0.0008071025020177647,0.08296943231441056
2022-11-25,24800,0.0008071025020177647,0.08296943231441056
2022-11-28,24800,0.0008071025020177647,0.08296943231441056
2022-11-29,24800,0.0008071025020177647,0.08296943231441056
2022-11-30,24800,0.0008071025020177647,0.08296943231441056
2022-12-01,23210,-0.0741922616673315,-0.022736842105263166
2022-12-02,23210,-0.0741922616673315,-0.022736842105263166
2022-12-05,23210,-0.0741922616673315,-0.022736842105263166
2022-12-06,23210,-0.0741922616673315,-0.022736842105263166
2022-12-07,23210,-0.0741922616673315,-0.022736842105263166
2022-12-08,23210,-0.0741922616673315,-0.022736842105263166
2022-12-09,23210,-0.0741922616673315,-0.022736842105263166
2022-12-12,21670,-0.1325060048038431,-0.10380479735318449
2022-12-13,21670,-0.1325060048038431,-0.10380479735318449
2022-12-14,21670,-0.1325060048038431,-0.10380479735318449
2022-12-15,21670,-0.1325060048038431,-0.10380479735318449
2022-12-16,21670,-0.1325060048038431,-0.10380479735318449
2022-12-19,21670,-0.1325060048038431,-0.10380479735318449
2022-12-20,21670,-0.1325060048038431,-0.10380479735318449
2022-12-21,21600,-0.12903225806451613,-0.04127829560585883
2022-12-22,21600,-0.12903225806451613,-0.04127829560585883
2022-12-23,21600,-0.12903225806451613,-0.04127829560585883
2022-12-26,21600,-0.12903225806451613,-0.04127829560585883
2022-12-27,21600,-0.12903225806451613,-0.04127829560585883
2022-12-28,21600,-0.12903225806451613,-0.04127829560585883
2022-12-29,21600,-0.12903225806451613,-0.04127829560585883
2022-12-30,21600,-0.12903225806451613,-0.04127829560585883
2023-01-02,22150,-0.04566996984058591,-0.016866400355082134
2023-01-03,22150,-0.04566996984058591,-0.0022522522522522292
2023-01-04,22150,-0.04566996984058591,-0.0022522522522522292
2023-01-05,22150,-0.04566996984058591,-0.0022522522522522292
2023-01-06,22150,-0.04566996984058591,-0.0022522522522522292
2023-01-09,22150,-0.04566996984058591,-0.0022522522522522292
2023-01-10,22150,-0.04566996984058591,-0.0022522522522522292
2023-01-11,21630,-0.06807410598879793,-0.10545905707196035
2023-01-12,21630,-0.06807410598879793,-0.10545905707196035
2023-01-13,21630,-0.06807410598879793,-0.10545905707196035
2023-01-16,21630,-0.06807410598879793,-0.10545905707196035
2023-01-17,21630,-0.06807410598879793,-0.10545905707196035
2023-01-18,21630,-0.06807410598879793,-0.10545905707196035
2023-01-19,21630,-0.06807410598879793,-0.10545905707196035
2023-01-20,21630,-0.06807410598879793,-0.10545905707196035
2023-01-23,21630,-0.06807410598879793,-0.10545905707196035
2023-01-24,21630,-0.06807410598879793,-0.10545905707196035
2023-01-25,21630,-0.06807410598879793,-0.10545905707196035
2023-01-26,21630,-0.06807410598879793,-0.10545905707196035
2023-01-27,21630,-0.06807410598879793,-0.10545905707196035
2023-01-30,22520,0.042592592592592515,-0.09120258272800641
2023-01-31,22520,0.042592592592592515,-0.09120258272800641
2023-02-01,22520,0.042592592592592515,-0.09120258272800641
2023-02-02,22520,0.042592592592592515,-0.09120258272800641
2023-02-03,22520,0.042592592592592515,-0.09120258272800641
2023-02-06,22520,0.042592592592592515,-0.09120258272800641
2023-02-07,22520,0.042592592592592515,-0.09120258272800641
2023-02-08,22520,0.042592592592592515,-0.09120258272800641
2023-02-09,22520,0.042592592592592515,-0.09120258272800641
2023-02-10,22520,0.042592592592592515,-0.09120258272800641
2023-02-13,21560,-0.003236245954692518,-0.13690952762209763
2023-02-14,21560,-0.003236245954692518,-0.13690952762209763
2023-02-15,21560,-0.003236245954692518,-0.13690952762209763
2023-02-16,21560,-0.003236245954692518,-0.13690952762209763
2023-02-17,21560,-0.003236245954692518,-0.13690952762209763
2023-02-20,21560,-0.003236245954692518,-0.13690952762209763
2023-02-21,20800,-0.038372630605640334,-0.16129032258064513
2023-02-22,20800,-0.038372630605640334,-0.16129032258064513
2023-02-23,20800,-0.038372630605640334,-0.16129032258064513
2023-02-24,20800,-0.038372630605640334,-0.16129032258064513
2023-02-27,20800,-0.038372630605640334,-0.16129032258064513
2023-02-28,20800,-0.038372630605640334,-0.16129032258064513
2023-03-01,20250,-0.10079928952042627,-0.12753123653597587
2023-03-02,20250,-0.10079928952042627,-0.12753123653597587
2023-03-03,20250,-0.10079928952042627,-0.12753123653597587
2023-03-06,20250,-0.10079928952042627,-0.12753123653597587
2023-03-07,20250,-0.10079928952042627,-0.12753123653597587
2023-03-08,20250,-0.10079928952042627,-0.12753123653597587
2023-03-09,20250,-0.10079928952042627,-0.12753123653597587
2023-03-10,20250,-0.10079928952042627,-0.12753123653597587
2023-03-13,20500,-0.04916512059369205,-0.053991693585602185
2023-03-14,20500,-0.04916512059369205,-0.053991693585602185
2023-03-15,20500,-0.04916512059369205,-0.053991693585602185
2023-03-16,20500,-0.04916512059369205,-0.053991693585602185
2023-03-17,20500,-0.04916512059369205,-0.053991693585602185
2023-03-20,20500,-0.04916512059369205,-0.053991693585602185
2023-03-21,19300,-0.07211538461538458,-0.10648148148148151
2023-03-22,19300,-0.07211538461538458,-0.10648148148148151
2023-03-23,19300,-0.07211538461538458,-0.10648148148148151
2023-03-24,19300,-0.07211538461538458,-0.10648148148148151
2023-03-27,19300,-0.07211538461538458,-0.10648148148148151
2023-03-28,19300,-0.07211538461538458,-0.10648148148148151
2023-03-29,19300,-0.07211538461538458,-0.10648148148148151
2023-03-30,19300,-0.07211538461538458,-0.10648148148148151
2023-03-31,19300,-0.07211538461538458,-0.10648148148148151
2023-04-03,19430,-0.04049382716049388,-0.12279909706546277
2023-04-04,19430,-0.04049382716049388,-0.12279909706546277
2023-04-05,19430,-0.04049382716049388,-0.12279909706546277
2023-04-06,19430,-0.04049382716049388,-0.12279909706546277
2023-04-07,19430,-0.04049382716049388,-0.12279909706546277
2023-04-10,19430,-0.04049382716049388,-0.12279909706546277
2023-04-11,20140,-0.005432098765432047,-0.06888580674988443
2023-04-12,20140,-0.005432098765432047,-0.06888580674988443
2023-04-13,20140,-0.005432098765432047,-0.06888580674988443
2023-04-14,20140,-0.005432098765432047,-0.06888580674988443
2023-04-17,20140,-0.005432098765432047,-0.06888580674988443
2023-04-18,20140,-0.005432098765432047,-0.06888580674988443
2023-04-19,20140,-0.005432098765432047,-0.06888580674988443
2023-04-20,20140,-0.005432098765432047,-0.06888580674988443
2023-04-21,19390,0.004663212435233266,-0.1035598705501618
2023-04-24,19390,0.004663212435233266,-0.1035598705501618
2023-04-25,19390,0.004663212435233266,-0.1035598705501618
2023-04-26,19390,0.004663212435233266,-0.1035598705501618
2023-04-27,19390,0.004663212435233266,-0.1035598705501618
2023-04-28,19390,0.004663212435233266,-0.1035598705501618
2023-05-01,19390,0.004663212435233266,-0.1035598705501618
2023-05-02,19390,0.004663212435233266,-0.1035598705501618
2023-05-03,19390,0.004663212435233266,-0.1035598705501618
2023-05-04,18250,-0.06073082861554302,-0.18960923623445824
2023-05-05,18250,-0.06073082861554302,-0.18960923623445824
2023-05-08,18250,-0.06073082861554302,-0.18960923623445824
2023-05-09,18250,-0.06073082861554302,-0.18960923623445824
2023-05-10,18250,-0.06073082861554302,-0.18960923623445824
2023-05-11,17653,-0.12348560079443893,-0.21611900532859685
2023-05-12,17653,-0.12348560079443893,-0.21611900532859685
2023-05-15,17653,-0.12348560079443893,-0.21611900532859685
2023-05-16,17653,-0.12348560079443893,-0.21611900532859685
2023-05-17,17653,-0.12348560079443893,-0.21611900532859685
2023-05-18,17653,-0.12348560079443893,-0.21611900532859685
2023-05-19,17653,-0.12348560079443893,-0.21611900532859685
2023-05-22,17954,-0.07405879319236719,-0.13682692307692312
2023-05-23,17954,-0.07405879319236719,-0.13682692307692312
2023-05-24,17954,-0.07405879319236719,-0.13682692307692312
2023-05-25,17954,-0.07405879319236719,-0.13682692307692312
2023-05-26,17954,-0.07405879319236719,-0.13682692307692312
2023-05-29,17954,-0.07405879319236719,-0.13682692307692312
2023-05-30,17954,-0.07405879319236719,-0.13682692307692312
2023-05-31,17954,-0.07405879319236719,-0.13682692307692312
2023-06-01,17943,-0.07462609592573488,-0.11392592592592587
2023-06-02,17943,-0.07462609592573488,-0.11392592592592587
2023-06-05,17943,-0.07462609592573488,-0.11392592592592587
2023-06-06,17943,-0.07462609592573488,-0.11392592592592587
2023-06-07,17943,-0.07462609592573488,-0.11392592592592587
2023-06-08,17943,-0.07462609592573488,-0.11392592592592587
2023-06-09,17943,-0.07462609592573488,-0.11392592592592587
2023-06-12,18028,0.021242848241092238,-0.10972839506172838
2023-06-13,18028,0.021242848241092238,-0.10972839506172838
2023-06-14,18028,0.021242848241092238,-0.10972839506172838
2023-06-15,18028,0.021242848241092238,-0.10972839506172838
2023-06-16,18028,0.021242848241092238,-0.10972839506172838
2023-06-19,18028,0.021242848241092238,-0.10972839506172838
2023-06-20,18028,0.021242848241092238,-0.10972839506172838
2023-06-21,18174,0.029513397156290644,-0.05834196891191712
2023-06-22,18174,0.029513397156290644,-0.05834196891191712
2023-06-23,18174,0.029513397156290644,-0.05834196891191712
2023-06-26,18174,0.029513397156290644,-0.05834196891191712
2023-06-27,18174,0.029513397156290644,-0.05834196891191712
2023-06-28,18174,0.029513397156290644,-0.05834196891191712
2023-06-29,18174,0.029513397156290644,-0.05834196891191712
2023-06-30,18174,0.029513397156290644,-0.05834196891191712
2023-07-03,18169,0.012595441119099382,-0.06489963973237267
2023-07-04,18169,0.012595441119099382,-0.06489963973237267
2023-07-05,18169,0.012595441119099382,-0.06489963973237267
2023-07-06,18169,0.012595441119099382,-0.06489963973237267
2023-07-07,18169,0.012595441119099382,-0.06489963973237267
2023-07-10,18169,0.012595441119099382,-0.06489963973237267
2023-07-11,18616,0.03750766315554821,-0.07567030784508444
2023-07-12,18616,0.03750766315554821,-0.07567030784508444
2023-07-13,18616,0.03750766315554821,-0.07567030784508444
2023-07-14,18616,0.03750766315554821,-0.07567030784508444
2023-07-17,18616,0.03750766315554821,-0.07567030784508444
2023-07-18,18616,0.03750766315554821,-0.07567030784508444
2023-07-19,18616,0.03750766315554821,-0.07567030784508444
2023-07-20,18616,0.03750766315554821,-0.07567030784508444
2023-07-21,19500,0.07296137339055786,0.005673027333677139
2023-07-24,19500,0.07296137339055786,0.005673027333677139
2023-07-25,19500,0.07296137339055786,0.005673027333677139
2023-07-26,19500,0.07296137339055786,0.005673027333677139
2023-07-27,19500,0.07296137339055786,0.005673027333677139
2023-07-28,19500,0.07296137339055786,0.005673027333677139
2023-07-31,19500,0.07296137339055786,0.005673027333677139
2023-08-01,20612,0.1341476835039066,0.06302217637957708
2023-08-02,20612,0.1341476835039066,0.06302217637957708
2023-08-03,20612,0.1341476835039066,0.06302217637957708
2023-08-04,20612,0.1341476835039066,0.06302217637957708
2023-08-07,20612,0.1341476835039066,0.06302217637957708
2023-08-08,20612,0.1341476835039066,0.06302217637957708
2023-08-09,20612,0.1341476835039066,0.06302217637957708
2023-08-10,20612,0.1341476835039066,0.06302217637957708
2023-08-11,22425,0.20460893854748607,0.27032232481731144
2023-08-14,22425,0.20460893854748607,0.27032232481731144
2023-08-15,22425,0.20460893854748607,0.27032232481731144
2023-08-16,22425,0.20460893854748607,0.27032232481731144
2023-08-17,22425,0.20460893854748607,0.27032232481731144
2023-08-18,22425,0.20460893854748607,0.27032232481731144
2023-08-21,22354,0.14635897435897438,0.26630034555033144
2023-08-22,22354,0.14635897435897438,0.26630034555033144
2023-08-23,22354,0.14635897435897438,0.26630034555033144
2023-08-24,22354,0.14635897435897438,0.26630034555033144
2023-08-25,22354,0.14635897435897438,0.26630034555033144
2023-08-28,22354,0.14635897435897438,0.26630034555033144
2023-08-29,22354,0.14635897435897438,0.26630034555033144
2023-08-30,22354,0.14635897435897438,0.26630034555033144
2023-08-31,22354,0.14635897435897438,0.26630034555033144
2023-09-01,22354,0.14635897435897438,0.26630034555033144
2023-09-04,22354,0.14635897435897438,0.26630034555033144
2023-09-05,22640,0.09838928779351841,0.2617733935239368
2023-09-06,22640,0.09838928779351841,0.2617733935239368
2023-09-07,22640,0.09838928779351841,0.2617733935239368
2023-09-08,22640,0.09838928779351841,0.2617733935239368
2023-09-11,23055,0.02809364548494986,0.28490219026918573
2023-09-12,23055,0.02809364548494986,0.28490219026918573
2023-09-13,23055,0.02809364548494986,0.28490219026918573
2023-09-14,23055,0.02809364548494986,0.28490219026918573
2023-09-15,23055,0.02809364548494986,0.28490219026918573
2023-09-18,23055,0.02809364548494986,0.28490219026918573
2023-09-19,23055,0.02809364548494986,0.28490219026918573
2023-09-20,23055,0.02809364548494986,0.28490219026918573
2023-09-21,23594,0.05547105663415941,0.2982282381424013
2023-09-22,23594,0.05547105663415941,0.2982282381424013
2023-09-25,23594,0.05547105663415941,0.2982282381424013
2023-09-26,23594,0.05547105663415941,0.2982282381424013
2023-09-27,23594,0.05547105663415941,0.2982282381424013
2023-09-28,23594,0.05547105663415941,0.2982282381424013
2023-09-29,23594,0.05547105663415941,0.2982282381424013
2023-10-02,23594,0.05547105663415941,0.2982282381424013
2023-10-03,23594,0.05547105663415941,0.2982282381424013
2023-10-04,23594,0.05547105663415941,0.2982282381424013
2023-10-05,23594,0.05547105663415941,0.2982282381424013
2023-10-06,23594,0.05547105663415941,0.2982282381424013
2023-10-09,23594,0.05547105663415941,0.2982282381424013
2023-10-10,23594,0.05547105663415941,0.2982282381424013
2023-10-11,22410,-0.02797657774886142,0.2038031800601634
2023-10-12,22410,-0.02797657774886142,0.2038031800601634
2023-10-13,22410,-0.02797657774886142,0.2038031800601634
2023-10-16,22410,-0.02797657774886142,0.2038031800601634
2023-10-17,22410,-0.02797657774886142,0.2038031800601634
2023-10-18,22410,-0.02797657774886142,0.2038031800601634
2023-10-19,22410,-0.02797657774886142,0.2038031800601634
2023-10-20,22410,-0.02797657774886142,0.2038031800601634
2023-10-23,22490,-0.046791557175553056,0.15333333333333332
2023-10-24,22490,-0.046791557175553056,0.15333333333333332
2023-10-25,22490,-0.046791557175553056,0.15333333333333332
2023-10-26,22490,-0.046791557175553056,0.15333333333333332
2023-10-27,22490,-0.046791557175553056,0.15333333333333332
2023-10-30,22490,-0.046791557175553056,0.15333333333333332
2023-10-31,22490,-0.046791557175553056,0.15333333333333332
2023-11-01,21940,-0.07010256844960583,0.0644284882592665
2023-11-02,21940,-0.07010256844960583,0.0644284882592665
2023-11-03,21940,-0.07010256844960583,0.0644284882592665
2023-11-06,21940,-0.07010256844960583,0.0644284882592665
2023-11-07,21940,-0.07010256844960583,0.0644284882592665
2023-11-08,21940,-0.07010256844960583,0.0644284882592665
2023-11-09,21940,-0.07010256844960583,0.0644284882592665
2023-11-10,21940,-0.07010256844960583,0.0644284882592665
2023-11-13,20880,-0.06827309236947787,-0.06889632107023413
2023-11-14,20880,-0.06827309236947787,-0.06889632107023413
2023-11-15,20880,-0.06827309236947787,-0.06889632107023413
2023-11-16,20880,-0.06827309236947787,-0.06889632107023413
2023-11-17,20880,-0.06827309236947787,-0.06889632107023413
2023-11-20,20880,-0.06827309236947787,-0.06889632107023413
2023-11-21,20880,-0.06827309236947787,-0.06889632107023413
2023-11-22,20880,-0.06827309236947787,-0.06889632107023413
2023-11-23,20280,-0.09826589595375723,-0.09277981569294091
2023-11-24,20280,-0.09826589595375723,-0.09277981569294091
2023-11-27,20280,-0.09826589595375723,-0.09277981569294091
2023-11-28,20280,-0.09826589595375723,-0.09277981569294091
2023-11-29,20280,-0.09826589595375723,-0.09277981569294091
2023-11-30,20196,-0.10200088928412632,-0.09653753243267427
2023-12-01,20196,-0.10200088928412632,-0.09653753243267427
2023-12-04,20196,-0.10200088928412632,-0.09653753243267427
2023-12-05,20196,-0.10200088928412632,-0.09653753243267427
2023-12-06,20196,-0.10200088928412632,-0.09653753243267427
2023-12-07,19720,-0.10118505013673651,-0.12897526501766787
2023-12-08,19720,-0.10118505013673651,-0.12897526501766787
2023-12-11,19720,-0.10118505013673651,-0.12897526501766787
2023-12-12,19720,-0.10118505013673651,-0.12897526501766787
2023-12-13,19720,-0.10118505013673651,-0.12897526501766787
2023-12-14,19000,-0.0900383141762452,-0.17588375623509
2023-12-15,19000,-0.0900383141762452,-0.17588375623509
2023-12-18,19000,-0.0900383141762452,-0.17588375623509
2023-12-19,19000,-0.0900383141762452,-0.17588375623509
2023-12-20,19000,-0.0900383141762452,-0.17588375623509
2023-12-21,19524,-0.06494252873563222,-0.1725014834279902
2023-12-22,19524,-0.06494252873563222,-0.1725014834279902
2023-12-25,19524,-0.06494252873563222,-0.1725014834279902
2023-12-26,19524,-0.06494252873563222,-0.1725014834279902
2023-12-27,19524,-0.06494252873563222,-0.1725014834279902
2023-12-28,19780,-0.024654832347140054,-0.16165126727134016
2023-12-29,19780,-0.024654832347140054,-0.16165126727134016
2024-01-01,19780,-0.024654832347140054,-0.16165126727134016
2024-01-02,19780,-0.024654832347140054,-0.16165126727134016
2024-01-03,19780,-0.024654832347140054,-0.16165126727134016
2024-01-04,19368,-0.04099821746880572,-0.17911333389844875
2024-01-05,19368,-0.04099821746880572,-0.17911333389844875
2024-01-08,19368,-0.04099821746880572,-0.17911333389844875
2024-01-09,19368,-0.04099821746880572,-0.17911333389844875
2024-01-10,19368,-0.04099821746880572,-0.17911333389844875
2024-01-11,19700,-0.0010141987829614951,-0.12092815707273541
2024-01-12,19700,-0.0010141987829614951,-0.12092815707273541
2024-01-15,19700,-0.0010141987829614951,-0.12092815707273541
2024-01-16,19700,-0.0010141987829614951,-0.12092815707273541
2024-01-17,19700,-0.0010141987829614951,-0.12092815707273541
2024-01-18,20194,0.06284210526315781,-0.09888442659526997
2024-01-19,20194,0.06284210526315781,-0.09888442659526997
2024-01-22,20194,0.06284210526315781,-0.09888442659526997
2024-01-23,20194,0.06284210526315781,-0.09888442659526997
2024-01-24,20194,0.06284210526315781,-0.09888442659526997
2024-01-25,20370,0.04333128457283353,-0.09426411738550466
2024-01-26,20370,0.04333128457283353,-0.09426411738550466
2024-01-29,20370,0.04333128457283353,-0.09426411738550466
2024-01-30,20370,0.04333128457283353,-0.09426411738550466
2024-01-31,20370,0.04333128457283353,-0.09426411738550466
2024-02-01,20990,0.06117290192113245,-0.043299908842297175
2024-02-02,20990,0.06117290192113245,-0.043299908842297175
2024-02-05,20990,0.06117290192113245,-0.043299908842297175
2024-02-06,20990,0.06117290192113245,-0.043299908842297175
2024-02-07,20990,0.06117290192113245,-0.043299908842297175
2024-02-08,20707,0.06913465510119776,-0.0561987237921604
2024-02-09,20707,0.06913465510119776,-0.0561987237921604
2024-02-12,20707,0.06913465510119776,-0.0561987237921604
2024-02-13,20707,0.06913465510119776,-0.0561987237921604
2024-02-14,20707,0.06913465510119776,-0.0561987237921604
2024-02-15,21361,0.08431472081218283,0.023036398467432884
2024-02-16,21361,0.0843147208121